# Blender 5.1.2
# www.blender.org
o Torus
v -2.012154 -1.422817 0.066684
v -1.974249 -1.440622 0.116739
v -1.949362 -1.452313 0.175928
v -1.939189 -1.457092 0.240215
v -1.944422 -1.454633 0.305222
v -1.964706 -1.445105 0.366517
v -1.998657 -1.429157 0.419923
v -2.043963 -1.407876 0.461801
v -2.097535 -1.382711 0.489297
v -2.155723 -1.355378 0.500537
v -2.214561 -1.327740 0.494755
v -2.270041 -1.301679 0.472345
v -2.318379 -1.278973 0.434834
v -2.356284 -1.261168 0.384779
v -2.381171 -1.249478 0.325591
v -2.391344 -1.244699 0.261303
v -2.386111 -1.247157 0.196297
v -2.365827 -1.256685 0.135002
v -2.331876 -1.272633 0.081596
v -2.286570 -1.293915 0.039717
v -2.232998 -1.319079 0.012222
v -2.174810 -1.346412 0.000982
v -2.115971 -1.374051 0.006764
v -2.060493 -1.400111 0.029174
v -1.979034 -1.348051 0.068655
v -1.941355 -1.366365 0.118697
v -1.917130 -1.379549 0.177845
v -1.908009 -1.386704 0.242071
v -1.914614 -1.387343 0.306995
v -1.936495 -1.381422 0.368195
v -1.972161 -1.369344 0.421500
v -2.019181 -1.351932 0.463276
v -2.074351 -1.330374 0.490676
v -2.133911 -1.306138 0.501835
v -2.193802 -1.280876 0.495990
v -2.249943 -1.256310 0.473541
v -2.298507 -1.234113 0.436017
v -2.336186 -1.215798 0.385975
v -2.360411 -1.202614 0.326826
v -2.369532 -1.195459 0.262601
v -2.362927 -1.194820 0.197676
v -2.341046 -1.200742 0.136476
v -2.305380 -1.212820 0.083172
v -2.258360 -1.230231 0.041396
v -2.203190 -1.251789 0.013995
v -2.143630 -1.276025 0.002837
v -2.083739 -1.301287 0.008681
v -2.027598 -1.325854 0.031131
v -1.949334 -1.272064 0.074558
v -1.911858 -1.290897 0.124560
v -1.888226 -1.305599 0.183590
v -1.880049 -1.315169 0.247628
v -1.887885 -1.318955 0.312308
v -1.911198 -1.316699 0.373224
v -1.948402 -1.308555 0.426222
v -1.996959 -1.295077 0.467693
v -2.053561 -1.277184 0.494809
v -2.114352 -1.256095 0.505722
v -2.175187 -1.233248 0.499690
v -2.231921 -1.210200 0.477123
v -2.280688 -1.188521 0.439559
v -2.318164 -1.169689 0.389557
v -2.341796 -1.154986 0.330526
v -2.349973 -1.145416 0.266489
v -2.342137 -1.141630 0.201808
v -2.318824 -1.143886 0.140893
v -2.281620 -1.152031 0.087895
v -2.233063 -1.165509 0.046424
v -2.176461 -1.183401 0.019308
v -2.115670 -1.204490 0.008394
v -2.054835 -1.227337 0.014427
v -1.998101 -1.250385 0.036994
v -1.923182 -1.195183 0.084369
v -1.885884 -1.214540 0.134304
v -1.862774 -1.230778 0.193138
v -1.855429 -1.242792 0.256864
v -1.864348 -1.249762 0.321138
v -1.888923 -1.251215 0.381580
v -1.927480 -1.247050 0.434071
v -1.977391 -1.237551 0.475033
v -2.035255 -1.223367 0.501676
v -2.097128 -1.205463 0.512184
v -2.158794 -1.185060 0.505840
v -2.216051 -1.163547 0.483076
v -2.264997 -1.142392 0.445445
v -2.302294 -1.123036 0.395511
v -2.325404 -1.106798 0.336676
v -2.332749 -1.094784 0.272950
v -2.323831 -1.087813 0.208676
v -2.299255 -1.086361 0.148234
v -2.260699 -1.090526 0.095743
v -2.210787 -1.100024 0.054781
v -2.152924 -1.114209 0.028138
v -2.091050 -1.132113 0.017631
v -2.029384 -1.152516 0.023975
v -1.972127 -1.174028 0.046738
v -1.900689 -1.117737 0.098045
v -1.863544 -1.137621 0.147887
v -1.840884 -1.155407 0.206448
v -1.834254 -1.169883 0.269739
v -1.844104 -1.180061 0.333447
v -1.869764 -1.185249 0.393229
v -1.909485 -1.185093 0.445012
v -1.960561 -1.179604 0.485267
v -2.019510 -1.169155 0.511250
v -2.082315 -1.154459 0.521191
v -2.144696 -1.136517 0.514412
v -2.202402 -1.116552 0.491375
v -2.251501 -1.095925 0.453651
v -2.288646 -1.076041 0.403810
v -2.311305 -1.058255 0.345248
v -2.317936 -1.043780 0.281957
v -2.308085 -1.033601 0.218249
v -2.282425 -1.028413 0.158467
v -2.242704 -1.028569 0.106684
v -2.191629 -1.034058 0.066430
v -2.132680 -1.044507 0.040447
v -2.069875 -1.059203 0.030506
v -2.007493 -1.077145 0.037284
v -1.949787 -1.097110 0.060321
v -1.881951 -1.040058 0.115528
v -1.844934 -1.060471 0.165251
v -1.822649 -1.079809 0.223463
v -1.816614 -1.096753 0.286198
v -1.827240 -1.110149 0.349182
v -1.853804 -1.119084 0.408121
v -1.894495 -1.122949 0.458998
v -1.946541 -1.121481 0.498348
v -2.006393 -1.114779 0.523488
v -2.069975 -1.103301 0.532705
v -2.132951 -1.087828 0.525370
v -2.191032 -1.069415 0.501984
v -2.240258 -1.049317 0.464141
v -2.277275 -1.028904 0.414419
v -2.299561 -1.009566 0.356206
v -2.305596 -0.992621 0.293471
v -2.294969 -0.979225 0.230488
v -2.268405 -0.970290 0.171549
v -2.227714 -0.966425 0.120671
v -2.175669 -0.967894 0.081321
v -2.115816 -0.974596 0.056181
v -2.052235 -0.986074 0.046965
v -1.989258 -1.001547 0.054299
v -1.931178 -1.019960 0.077685
v -1.867050 -0.962477 0.136744
v -1.830134 -0.983420 0.186321
v -1.808146 -1.004308 0.244110
v -1.802585 -1.023718 0.306171
v -1.813829 -1.040327 0.368275
v -1.841111 -1.053004 0.426191
v -1.882574 -1.060885 0.475971
v -1.935391 -1.063433 0.514222
v -1.995962 -1.060473 0.538338
v -2.060161 -1.052208 0.546676
v -2.123611 -1.039201 0.538668
v -2.181989 -1.022338 0.514858
v -2.231317 -1.002769 0.476870
v -2.268233 -0.981827 0.427292
v -2.290220 -0.960939 0.369504
v -2.295782 -0.941529 0.307443
v -2.284538 -0.924919 0.245338
v -2.257255 -0.912242 0.187423
v -2.215793 -0.904361 0.137643
v -2.162976 -0.901814 0.099392
v -2.102405 -0.904773 0.075275
v -2.038206 -0.913038 0.066937
v -1.974756 -0.926045 0.074946
v -1.916378 -0.942908 0.098756
v -1.856048 -0.885328 0.161600
v -1.819207 -0.906796 0.211008
v -1.797439 -0.929225 0.268300
v -1.792227 -0.951088 0.329571
v -1.803927 -0.970893 0.390646
v -1.831740 -0.987291 0.447363
v -1.873772 -0.999166 0.495856
v -1.927159 -1.005707 0.532820
v -1.988261 -1.006468 0.555738
v -2.052915 -1.001399 0.563046
v -2.116715 -0.990844 0.554247
v -2.175313 -0.975523 0.529941
v -2.224716 -0.956479 0.491784
v -2.261557 -0.935011 0.442376
v -2.283324 -0.912582 0.385084
v -2.288536 -0.890720 0.323813
v -2.276837 -0.870915 0.262738
v -2.249023 -0.854516 0.206021
v -2.206991 -0.842642 0.157528
v -2.153605 -0.836101 0.120563
v -2.092503 -0.835339 0.097646
v -2.027848 -0.840409 0.090337
v -1.964048 -0.850963 0.099136
v -1.905450 -0.866285 0.123443
v -1.848992 -0.808941 0.189991
v -1.812200 -0.830929 0.239206
v -1.790573 -0.854885 0.295931
v -1.785585 -0.879175 0.356299
v -1.797577 -0.902144 0.416198
v -1.825731 -0.922227 0.471545
v -1.868128 -0.938056 0.518569
v -1.921880 -0.948551 0.554064
v -1.983322 -0.952997 0.575612
v -2.048269 -0.951092 0.581744
v -2.112293 -0.942965 0.572043
v -2.171032 -0.929170 0.547169
v -2.220483 -0.910647 0.508819
v -2.257275 -0.888658 0.459604
v -2.278902 -0.864703 0.402879
v -2.283890 -0.840413 0.342510
v -2.271898 -0.817443 0.282612
v -2.243744 -0.797360 0.227264
v -2.201347 -0.781532 0.180241
v -2.147595 -0.771037 0.144746
v -2.086153 -0.766590 0.123198
v -2.021206 -0.768496 0.117066
v -1.957182 -0.776623 0.126767
v -1.898443 -0.790418 0.151640
v -1.845914 -0.733642 0.221795
v -1.809142 -0.756144 0.270793
v -1.787577 -0.781604 0.326883
v -1.782687 -0.808287 0.386240
v -1.794806 -0.834376 0.444822
v -1.823109 -0.858091 0.498635
v -1.865665 -0.877817 0.544012
v -1.919576 -0.892210 0.577861
v -1.981167 -0.900288 0.597875
v -2.046241 -0.901502 0.602690
v -2.110363 -0.895768 0.591978
v -2.169164 -0.883478 0.566469
v -2.218636 -0.865468 0.527901
v -2.255407 -0.842966 0.478903
v -2.276973 -0.817506 0.422814
v -2.281862 -0.790823 0.363456
v -2.269743 -0.764735 0.304875
v -2.241441 -0.741019 0.251062
v -2.198884 -0.721293 0.205684
v -2.144973 -0.706900 0.171836
v -2.083382 -0.698822 0.151822
v -2.018308 -0.697608 0.147007
v -1.954186 -0.703342 0.157719
v -1.895386 -0.715632 0.183228
v -1.846826 -0.659755 0.256877
v -1.810048 -0.682760 0.305636
v -1.788464 -0.709697 0.361024
v -1.783546 -0.738728 0.419267
v -1.795627 -0.767877 0.476395
v -1.823885 -0.795156 0.528516
v -1.866395 -0.818707 0.572077
v -1.920259 -0.836925 0.604110
v -1.981806 -0.848567 0.622432
v -2.046842 -0.852841 0.625793
v -2.110935 -0.849456 0.613966
v -2.169717 -0.838642 0.587757
v -2.219183 -0.821135 0.548950
v -2.255960 -0.798130 0.500191
v -2.277544 -0.771194 0.444803
v -2.282463 -0.742162 0.386560
v -2.270381 -0.713014 0.329431
v -2.242123 -0.685734 0.277311
v -2.199614 -0.662183 0.233749
v -2.145750 -0.643966 0.201716
v -2.084203 -0.632323 0.183395
v -2.019167 -0.628049 0.180033
v -1.955073 -0.631435 0.191860
v -1.896291 -0.642249 0.218070
v -1.851724 -0.587595 0.295085
v -1.814913 -0.611092 0.343583
v -1.793231 -0.639470 0.398208
v -1.788157 -0.670796 0.455237
v -1.800035 -0.702933 0.510782
v -1.828057 -0.733693 0.561060
v -1.870313 -0.760979 0.602643
v -1.923923 -0.782932 0.632699
v -1.985234 -0.798055 0.649177
v -2.050067 -0.805319 0.650957
v -2.114005 -0.804227 0.637915
v -2.172689 -0.794854 0.610942
v -2.222121 -0.777840 0.571875
v -2.258933 -0.754343 0.523376
v -2.280614 -0.725965 0.468751
v -2.285689 -0.694639 0.411723
v -2.273810 -0.662502 0.356177
v -2.245788 -0.631742 0.305899
v -2.203532 -0.604455 0.264316
v -2.149922 -0.582503 0.234261
v -2.088611 -0.567379 0.217782
v -2.023778 -0.560116 0.216003
v -1.959840 -0.561208 0.229044
v -1.901156 -0.570581 0.256018
v -1.860587 -0.517472 0.336256
v -1.823715 -0.541447 0.384474
v -1.801857 -0.571226 0.438276
v -1.796501 -0.604780 0.493996
v -1.808012 -0.639822 0.547836
v -1.835607 -0.673965 0.596128
v -1.877404 -0.704881 0.635580
v -1.930555 -0.730464 0.663504
v -1.991438 -0.748969 0.677997
v -2.055904 -0.759137 0.678071
v -2.119560 -0.760274 0.663721
v -2.178068 -0.752302 0.635925
v -2.227439 -0.735766 0.596577
v -2.264311 -0.711791 0.548359
v -2.286170 -0.682012 0.494557
v -2.291526 -0.648458 0.438837
v -2.280014 -0.613415 0.384997
v -2.252420 -0.579273 0.336705
v -2.210623 -0.548357 0.297253
v -2.157471 -0.522774 0.269329
v -2.096588 -0.504269 0.254836
v -2.032122 -0.494101 0.254762
v -1.968466 -0.492964 0.269112
v -1.909959 -0.500936 0.296908
v -1.873378 -0.449686 0.380214
v -1.836419 -0.474123 0.428132
v -1.814305 -0.505256 0.481056
v -1.808542 -0.540965 0.535379
v -1.819524 -0.578815 0.587399
v -1.846501 -0.616227 0.633570
v -1.887636 -0.650652 0.670747
v -1.940125 -0.679744 0.696395
v -2.000392 -0.701519 0.708768
v -2.064328 -0.714495 0.707021
v -2.127577 -0.717786 0.691274
v -2.185829 -0.711169 0.662599
v -2.235114 -0.695094 0.622952
v -2.272072 -0.670657 0.575034
v -2.294187 -0.639524 0.522110
v -2.299949 -0.603815 0.467787
v -2.288968 -0.565965 0.415767
v -2.261990 -0.528553 0.369596
v -2.220855 -0.494128 0.332419
v -2.168366 -0.465037 0.306771
v -2.108099 -0.443261 0.294398
v -2.044163 -0.430286 0.296145
v -1.980914 -0.426994 0.311892
v -1.922662 -0.433612 0.340567
v -1.890041 -0.384527 0.426770
v -1.852968 -0.409408 0.474372
v -1.830521 -0.441843 0.526365
v -1.824229 -0.479623 0.579208
v -1.834520 -0.520172 0.629299
v -1.860694 -0.560727 0.673225
v -1.900967 -0.598525 0.707992
v -1.952593 -0.630989 0.731231
v -2.012056 -0.655908 0.741357
v -2.075302 -0.671582 0.737682
v -2.138022 -0.676945 0.720455
v -2.195940 -0.671629 0.690851
v -2.245111 -0.655999 0.650886
v -2.282184 -0.631118 0.603285
v -2.304631 -0.598683 0.551291
v -2.310923 -0.560903 0.498448
v -2.300632 -0.520354 0.448357
v -2.274458 -0.479799 0.404431
v -2.234185 -0.442001 0.369664
v -2.182559 -0.409537 0.346426
v -2.123096 -0.384618 0.336299
v -2.059850 -0.368944 0.339975
v -1.997130 -0.363581 0.357201
v -1.939212 -0.368897 0.386806
v -1.910505 -0.322274 0.475726
v -1.873293 -0.347579 0.522994
v -1.850437 -0.381258 0.574010
v -1.843494 -0.421017 0.625297
v -1.852938 -0.464144 0.673360
v -1.878125 -0.507702 0.714924
v -1.917338 -0.548723 0.747157
v -1.967906 -0.584409 0.767861
v -2.026381 -0.612331 0.775626
v -2.088779 -0.630584 0.769923
v -2.150848 -0.637925 0.751140
v -2.208359 -0.633853 0.720558
v -2.257390 -0.618647 0.680260
v -2.294602 -0.593342 0.632992
v -2.317458 -0.559663 0.581977
v -2.324400 -0.519905 0.530690
v -2.314957 -0.476777 0.482626
v -2.289770 -0.433219 0.441062
v -2.250557 -0.392199 0.408829
v -2.199989 -0.356512 0.388125
v -2.141514 -0.328591 0.380360
v -2.079116 -0.310337 0.386063
v -2.017046 -0.302996 0.404846
v -1.959536 -0.307068 0.435428
v -1.934683 -0.263194 0.526872
v -1.897306 -0.288902 0.573791
v -1.873967 -0.323762 0.623784
v -1.866256 -0.365398 0.673446
v -1.874698 -0.410972 0.719391
v -1.898719 -0.457380 0.758488
v -1.936680 -0.501459 0.788073
v -1.985996 -0.540204 0.806130
v -2.043305 -0.570975 0.811428
v -2.104702 -0.591675 0.803607
v -2.166003 -0.600894 0.783198
v -2.223030 -0.598003 0.751594
v -2.271897 -0.583199 0.710947
v -2.309273 -0.557491 0.664028
v -2.332612 -0.522632 0.614034
v -2.340323 -0.480996 0.564373
v -2.331881 -0.435421 0.518428
v -2.307861 -0.389013 0.479331
v -2.269899 -0.344935 0.449746
v -2.220583 -0.306190 0.431689
v -2.163274 -0.275419 0.426391
v -2.101877 -0.254718 0.434212
v -2.040576 -0.245500 0.454621
v -1.983549 -0.248391 0.486225
v -1.962470 -0.207540 0.579988
v -1.924904 -0.233627 0.626545
v -1.901010 -0.269599 0.675477
v -1.892416 -0.313004 0.723450
v -1.899707 -0.360884 0.767195
v -1.922387 -0.409976 0.803730
v -1.958910 -0.456936 0.830566
v -2.006788 -0.498561 0.845873
v -2.062757 -0.532017 0.848609
v -2.123003 -0.555023 0.838588
v -2.183420 -0.566010 0.816491
v -2.239892 -0.564231 0.783825
v -2.288569 -0.549807 0.742816
v -2.326135 -0.523720 0.696259
v -2.350029 -0.487748 0.647327
v -2.358624 -0.444343 0.599354
v -2.351332 -0.396463 0.555609
v -2.328652 -0.347371 0.519074
v -2.292129 -0.300411 0.492238
v -2.244252 -0.258786 0.476931
v -2.188283 -0.225330 0.474195
v -2.128037 -0.202324 0.484217
v -2.067619 -0.191337 0.506313
v -2.011148 -0.193116 0.538979
v -1.993749 -0.155550 0.634847
v -1.955970 -0.181992 0.681030
v -1.931451 -0.219002 0.728866
v -1.921862 -0.264059 0.775096
v -1.927858 -0.314093 0.816568
v -1.949029 -0.365693 0.850457
v -1.983933 -0.415343 0.874453
v -2.030192 -0.459660 0.886921
v -2.084652 -0.495624 0.887011
v -2.143602 -0.520783 0.874717
v -2.203026 -0.533423 0.850876
v -2.258872 -0.532683 0.817114
v -2.307337 -0.518613 0.775732
v -2.345116 -0.492171 0.729549
v -2.369635 -0.455161 0.681713
v -2.379223 -0.410104 0.635483
v -2.373228 -0.360070 0.594011
v -2.352056 -0.308470 0.560122
v -2.317152 -0.258819 0.536126
v -2.270894 -0.214502 0.523658
v -2.216434 -0.178539 0.523568
v -2.157483 -0.153380 0.535862
v -2.098060 -0.140740 0.559703
v -2.042213 -0.141480 0.593464
v -2.028385 -0.107447 0.691215
v -1.990370 -0.134216 0.737014
v -1.965159 -0.172187 0.783724
v -1.954469 -0.218773 0.828162
v -1.959030 -0.270800 0.867299
v -1.978531 -0.324720 0.898469
v -2.011642 -0.376861 0.919547
v -2.056108 -0.423668 0.929097
v -2.108897 -0.461951 0.926468
v -2.166413 -0.489103 0.911839
v -2.224735 -0.503272 0.886207
v -2.279890 -0.503493 0.851319
v -2.328118 -0.489750 0.809553
v -2.366133 -0.462981 0.763754
v -2.391345 -0.425010 0.717044
v -2.402034 -0.378424 0.672606
v -2.397473 -0.326398 0.633468
v -2.377972 -0.272477 0.602298
v -2.344861 -0.220336 0.581220
v -2.300395 -0.173529 0.571670
v -2.247606 -0.135246 0.574299
v -2.190091 -0.108094 0.588928
v -2.131768 -0.093925 0.614560
v -2.076613 -0.093704 0.649448
v -2.066230 -0.063436 0.748849
v -2.027956 -0.090505 0.794255
v -2.001989 -0.129356 0.839813
v -1.990097 -0.177341 0.882420
v -1.993090 -0.231190 0.919170
v -2.010766 -0.287234 0.947560
v -2.041918 -0.341652 0.965655
v -2.084424 -0.390737 0.972221
v -2.135388 -0.431144 0.966812
v -2.191336 -0.460119 0.949796
v -2.248456 -0.475686 0.922332
v -2.302855 -0.476786 0.886292
v -2.350825 -0.463344 0.844133
v -2.389098 -0.436275 0.798727
v -2.415065 -0.397424 0.753168
v -2.426958 -0.349439 0.710562
v -2.423964 -0.295590 0.673812
v -2.406289 -0.239547 0.645422
v -2.375137 -0.185128 0.627327
v -2.332630 -0.136043 0.620761
v -2.281666 -0.095636 0.626170
v -2.225718 -0.066662 0.643186
v -2.168598 -0.051094 0.670650
v -2.114200 -0.049994 0.706689
v -2.107121 -0.023707 0.807503
v -2.068569 -0.051046 0.852509
v -2.041785 -0.090691 0.896896
v -2.028593 -0.139939 0.937638
v -2.029892 -0.195433 0.971959
v -2.045595 -0.253393 0.997519
v -2.074631 -0.309869 1.012578
v -2.115021 -0.361010 1.016109
v -2.164012 -0.403333 1.007870
v -2.218266 -0.433954 0.988424
v -2.274086 -0.450784 0.959096
v -2.327668 -0.452678 0.921885
v -2.375360 -0.439506 0.879326
v -2.413911 -0.412167 0.834319
v -2.440696 -0.372522 0.789932
v -2.453888 -0.323274 0.749191
v -2.452588 -0.267780 0.714870
v -2.436885 -0.209820 0.689309
v -2.407850 -0.153344 0.674250
v -2.367460 -0.102203 0.670720
v -2.318468 -0.059880 0.678959
v -2.264214 -0.029260 0.698404
v -2.208394 -0.012429 0.727732
v -2.154813 -0.010535 0.764944
v -2.150884 0.011572 0.866927
v -2.112034 -0.016008 0.911528
v -2.084375 -0.056358 0.954727
v -2.069793 -0.106727 0.993581
v -2.069279 -0.163683 1.025440
v -2.082871 -0.223345 1.048134
v -2.109642 -0.281646 1.060117
v -2.147766 -0.334614 1.060571
v -2.194646 -0.378639 1.049466
v -2.247088 -0.410720 1.027559
v -2.301517 -0.428672 0.996343
v -2.354224 -0.431271 0.957944
v -2.401618 -0.418339 0.914980
v -2.440468 -0.390759 0.870378
v -2.468126 -0.350410 0.827179
v -2.482709 -0.300041 0.788326
v -2.483222 -0.243085 0.756466
v -2.469630 -0.183423 0.733772
v -2.442860 -0.125122 0.721789
v -2.404736 -0.072154 0.721335
v -2.357855 -0.028129 0.732440
v -2.305414 0.003952 0.754347
v -2.250985 0.021904 0.785564
v -2.198277 0.024503 0.823962
v -2.197331 0.042247 0.926864
v -2.158165 0.014458 0.971057
v -2.129578 -0.026504 1.013059
v -2.113519 -0.077848 1.050007
v -2.111082 -0.136075 1.079384
v -2.122433 -0.197216 1.099187
v -2.146799 -0.257105 1.108067
v -2.182519 -0.311661 1.105419
v -2.227159 -0.357165 1.091423
v -2.277677 -0.390518 1.067033
v -2.330630 -0.409444 1.033911
v -2.382409 -0.412656 0.994315
v -2.429486 -0.399934 0.950942
v -2.468652 -0.372145 0.906749
v -2.497239 -0.331182 0.864747
v -2.513298 -0.279838 0.827799
v -2.515735 -0.221612 0.798423
v -2.504384 -0.160470 0.778619
v -2.480018 -0.100581 0.769739
v -2.444298 -0.046025 0.772388
v -2.399658 -0.000521 0.786383
v -2.349140 0.032831 0.810773
v -2.296187 0.051758 0.843895
v -2.244408 0.054970 0.883491
v -2.246263 0.068190 0.987059
v -2.206764 0.040224 1.030842
v -2.177199 -0.001257 1.071641
v -2.159585 -0.053426 1.106676
v -2.155121 -0.112727 1.133559
v -2.164112 -0.175119 1.150459
v -2.185945 -0.236352 1.156223
v -2.219132 -0.292250 1.150459
v -2.261412 -0.339006 1.133559
v -2.309903 -0.373433 1.106676
v -2.361300 -0.393184 1.071641
v -2.412102 -0.396914 1.030842
v -2.458845 -0.384369 0.987059
v -2.498345 -0.356403 0.943277
v -2.527910 -0.314922 0.902478
v -2.545524 -0.262753 0.867442
v -2.549988 -0.203452 0.840559
v -2.540997 -0.141060 0.823660
v -2.519164 -0.079827 0.817896
v -2.485976 -0.023929 0.823660
v -2.443697 0.022827 0.840559
v -2.395206 0.057253 0.867442
v -2.343808 0.077005 0.902477
v -2.293007 0.080735 0.943277
v -2.297472 0.089287 1.047255
v -2.257622 0.061177 1.090627
v -2.227035 0.019275 1.130224
v -2.207793 -0.033564 1.163345
v -2.201208 -0.093739 1.187735
v -2.207729 -0.157150 1.201731
v -2.226912 -0.219474 1.204379
v -2.257448 -0.276464 1.195499
v -2.297257 -0.324238 1.175696
v -2.343627 -0.359538 1.146320
v -2.393397 -0.379960 1.109371
v -2.443176 -0.384112 1.067370
v -2.489570 -0.371710 1.023177
v -2.529419 -0.343601 0.979804
v -2.560007 -0.301698 0.940208
v -2.579248 -0.248859 0.907086
v -2.585833 -0.188684 0.882696
v -2.579312 -0.125274 0.868700
v -2.560130 -0.062950 0.866052
v -2.529594 -0.005959 0.874932
v -2.489784 0.041814 0.894735
v -2.443414 0.077115 0.924112
v -2.393644 0.097537 0.961060
v -2.343866 0.101689 1.003062
v -2.350736 0.105449 1.107193
v -2.310524 0.077229 1.150157
v -2.278873 0.035004 1.188555
v -2.257938 -0.018349 1.219772
v -2.249147 -0.079193 1.241679
v -2.253098 -0.143383 1.252784
v -2.269523 -0.206544 1.252330
v -2.297303 -0.264371 1.240347
v -2.334543 -0.312924 1.217653
v -2.378706 -0.348894 1.185793
v -2.426784 -0.369830 1.146940
v -2.475498 -0.374304 1.103741
v -2.521529 -0.362013 1.059139
v -2.561741 -0.333793 1.016175
v -2.593393 -0.291568 0.977776
v -2.614328 -0.238215 0.946560
v -2.623119 -0.177370 0.924653
v -2.619167 -0.113181 0.913548
v -2.602742 -0.050020 0.914002
v -2.574963 0.007807 0.925985
v -2.537723 0.056360 0.948679
v -2.493559 0.092330 0.980538
v -2.445482 0.113266 1.019392
v -2.396768 0.117741 1.062591
v -2.405829 0.116607 1.166616
v -2.365242 0.088311 1.209175
v -2.332489 0.045863 1.246386
v -2.309803 -0.007845 1.275714
v -2.298730 -0.069151 1.295160
v -2.300025 -0.133879 1.303399
v -2.313598 -0.197618 1.299868
v -2.338525 -0.256023 1.284810
v -2.373108 -0.305114 1.259249
v -2.414989 -0.341546 1.224928
v -2.461315 -0.362836 1.184186
v -2.508929 -0.367534 1.139800
v -2.554585 -0.355318 1.094793
v -2.595172 -0.327022 1.052234
v -2.627925 -0.284574 1.015023
v -2.650611 -0.230867 0.985695
v -2.661684 -0.169560 0.966249
v -2.660390 -0.104832 0.958010
v -2.646816 -0.041094 0.961541
v -2.621889 0.017311 0.976599
v -2.587306 0.066403 1.002160
v -2.545425 0.102835 1.036481
v -2.499099 0.124125 1.077223
v -2.451485 0.128822 1.121609
v -2.462515 0.122713 1.225270
v -2.421541 0.094375 1.267429
v -2.387656 0.051805 1.303469
v -2.363168 -0.002097 1.330933
v -2.349747 -0.063656 1.347949
v -2.348307 -0.128679 1.353358
v -2.358946 -0.192733 1.346792
v -2.380939 -0.251454 1.328697
v -2.412788 -0.300840 1.300307
v -2.452321 -0.337525 1.263557
v -2.496846 -0.359009 1.220950
v -2.543326 -0.363829 1.175392
v -2.588596 -0.351655 1.129986
v -2.629570 -0.323317 1.087826
v -2.663455 -0.280747 1.051787
v -2.687943 -0.226846 1.024323
v -2.701364 -0.165286 1.007307
v -2.702804 -0.100263 1.001897
v -2.692165 -0.036209 1.008464
v -2.670171 0.022512 1.026559
v -2.638323 0.071898 1.054949
v -2.598790 0.108583 1.091699
v -2.554265 0.130067 1.134305
v -2.507785 0.134886 1.179864
v -2.520550 0.123740 1.282905
v -2.479181 0.095395 1.324671
v -2.444137 0.052805 1.359559
v -2.417804 -0.001129 1.385191
v -2.401979 -0.062732 1.399820
v -2.397740 -0.127804 1.402449
v -2.405375 -0.191911 1.392899
v -2.424364 -0.250685 1.371821
v -2.453413 -0.300121 1.340651
v -2.490542 -0.336848 1.301514
v -2.533222 -0.358365 1.257076
v -2.578543 -0.363205 1.210365
v -2.623418 -0.351038 1.164567
v -2.664787 -0.322694 1.122800
v -2.699831 -0.280103 1.087912
v -2.726164 -0.226169 1.062280
v -2.741989 -0.164567 1.047651
v -2.746228 -0.099495 1.045022
v -2.738593 -0.035387 1.054572
v -2.719604 0.023387 1.075650
v -2.690555 0.072822 1.106820
v -2.653426 0.109550 1.145957
v -2.610746 0.131067 1.190395
v -2.565425 0.135907 1.237106
v -2.579687 0.119685 1.339272
v -2.537915 0.091368 1.380654
v -2.501688 0.048858 1.414416
v -2.473477 -0.004947 1.438257
v -2.455202 -0.066381 1.450551
v -2.448110 -0.131258 1.450461
v -2.452684 -0.195156 1.437993
v -2.468612 -0.253720 1.413997
v -2.494808 -0.302960 1.380108
v -2.529488 -0.339519 1.338636
v -2.570288 -0.360907 1.292406
v -2.614428 -0.365666 1.244570
v -2.658899 -0.353472 1.198387
v -2.700671 -0.325155 1.157004
v -2.736898 -0.282645 1.123242
v -2.765110 -0.228840 1.099402
v -2.783384 -0.167406 1.087108
v -2.790476 -0.102529 1.087198
v -2.785903 -0.038632 1.099666
v -2.769974 0.019933 1.123662
v -2.743778 0.069173 1.157550
v -2.709098 0.105732 1.199023
v -2.668298 0.127120 1.245252
v -2.624158 0.131879 1.293089
v -2.639671 0.110564 1.394131
v -2.597491 0.082309 1.435140
v -2.560066 0.039982 1.467805
v -2.529947 -0.013533 1.489902
v -2.509188 -0.074590 1.499924
v -2.499203 -0.139027 1.497188
v -2.500671 -0.202452 1.481880
v -2.513494 -0.260544 1.455045
v -2.536798 -0.309344 1.418509
v -2.568993 -0.345526 1.374765
v -2.607886 -0.366624 1.326792
v -2.650828 -0.371201 1.277859
v -2.694890 -0.358944 1.231302
v -2.737071 -0.330689 1.190294
v -2.774496 -0.288362 1.157628
v -2.804614 -0.234847 1.135531
v -2.825373 -0.173790 1.125509
v -2.835359 -0.109354 1.128245
v -2.833890 -0.045928 1.143553
v -2.821067 0.012164 1.170388
v -2.797764 0.060964 1.206924
v -2.765568 0.097146 1.250668
v -2.726675 0.118244 1.298642
v -2.683734 0.122821 1.347574
v -2.700247 0.096417 1.447247
v -2.657653 0.068259 1.487894
v -2.619018 0.026214 1.519498
v -2.586975 -0.026852 1.539907
v -2.563706 -0.087322 1.547728
v -2.550799 -0.151076 1.542430
v -2.549132 -0.213769 1.524373
v -2.558819 -0.271129 1.494788
v -2.579200 -0.319247 1.455691
v -2.608887 -0.354843 1.409746
v -2.645855 -0.375491 1.360084
v -2.687586 -0.379785 1.310091
v -2.731236 -0.367432 1.263172
v -2.773829 -0.339274 1.222525
v -2.812464 -0.297229 1.190921
v -2.844508 -0.244163 1.170512
v -2.867776 -0.183693 1.162691
v -2.880684 -0.119939 1.167989
v -2.882350 -0.057245 1.186046
v -2.872663 0.000114 1.215631
v -2.852282 0.048232 1.254728
v -2.822596 0.083827 1.300673
v -2.785627 0.104476 1.350334
v -2.743896 0.108770 1.400328
v -2.761154 0.077305 1.498392
v -2.718145 0.049277 1.538690
v -2.678293 0.007614 1.569273
v -2.644314 -0.044845 1.588056
v -2.618523 -0.104523 1.593759
v -2.602677 -0.167356 1.585994
v -2.597858 -0.229060 1.565289
v -2.604392 -0.285430 1.533057
v -2.621835 -0.332626 1.491493
v -2.648999 -0.367430 1.443429
v -2.684031 -0.387471 1.392142
v -2.724545 -0.391383 1.341126
v -2.767780 -0.378900 1.293859
v -2.810789 -0.350872 1.253561
v -2.850641 -0.309209 1.222978
v -2.884620 -0.256750 1.204195
v -2.910411 -0.197072 1.198492
v -2.926257 -0.134239 1.206257
v -2.931076 -0.072536 1.226962
v -2.924542 -0.016165 1.259194
v -2.907099 0.031030 1.300759
v -2.879935 0.065835 1.348822
v -2.844903 0.085876 1.400109
v -2.804389 0.089788 1.451125
v -2.822133 0.053308 1.547348
v -2.778709 0.025444 1.587313
v -2.737638 -0.015740 1.616917
v -2.701720 -0.067435 1.634144
v -2.673404 -0.126120 1.637820
v -2.654617 -0.187795 1.627693
v -2.646641 -0.248257 1.604454
v -2.650019 -0.303385 1.569687
v -2.664521 -0.349423 1.525762
v -2.689158 -0.383233 1.475671
v -2.722252 -0.402512 1.422827
v -2.761548 -0.405944 1.370834
v -2.804367 -0.393298 1.323233
v -2.847791 -0.365433 1.283268
v -2.888862 -0.324250 1.253664
v -2.924779 -0.272554 1.236437
v -2.953096 -0.213869 1.232762
v -2.971883 -0.152194 1.242888
v -2.979859 -0.091733 1.266127
v -2.976481 -0.036604 1.300894
v -2.961979 0.009434 1.344819
v -2.937342 0.043244 1.394910
v -2.904248 0.062522 1.447754
v -2.864952 0.065955 1.499747
v -2.882921 0.024531 1.593905
v -2.839082 -0.003138 1.633552
v -2.796798 -0.043746 1.662226
v -2.758948 -0.094527 1.677974
v -2.728113 -0.152020 1.679720
v -2.706394 -0.212307 1.667348
v -2.695271 -0.271279 1.641700
v -2.695503 -0.324917 1.604523
v -2.707072 -0.369567 1.558351
v -2.729192 -0.402185 1.506332
v -2.760354 -0.420549 1.452009
v -2.798435 -0.423407 1.399085
v -2.840840 -0.410564 1.351167
v -2.884678 -0.382896 1.311519
v -2.926963 -0.342287 1.282845
v -2.964813 -0.291506 1.267098
v -2.995648 -0.234013 1.265351
v -3.017367 -0.173727 1.277723
v -3.028490 -0.114755 1.303372
v -3.028258 -0.061116 1.340549
v -3.016689 -0.016466 1.386720
v -2.994569 0.016152 1.438740
v -2.963407 0.034516 1.493062
v -2.925326 0.037374 1.545986
v -2.943259 -0.008905 1.637863
v -2.899009 -0.036345 1.677211
v -2.855519 -0.076286 1.705007
v -2.815751 -0.126004 1.719357
v -2.782417 -0.182112 1.719283
v -2.757787 -0.240786 1.704790
v -2.743541 -0.298027 1.676866
v -2.740649 -0.349935 1.637414
v -2.749309 -0.392972 1.589122
v -2.768929 -0.424205 1.535282
v -2.798174 -0.441506 1.479562
v -2.835049 -0.443696 1.425760
v -2.877043 -0.430625 1.377542
v -2.921292 -0.403185 1.338194
v -2.964783 -0.363244 1.310398
v -3.004550 -0.313526 1.296048
v -3.037885 -0.257418 1.296122
v -3.062514 -0.198744 1.310615
v -3.076760 -0.141503 1.338539
v -3.079652 -0.089595 1.377991
v -3.070993 -0.046558 1.426283
v -3.051373 -0.015325 1.480123
v -3.022128 0.001976 1.535843
v -2.985252 0.004166 1.589645
v -3.002888 -0.046855 1.679034
v -2.958231 -0.074037 1.718101
v -2.913550 -0.113219 1.745075
v -2.871887 -0.161731 1.758116
v -2.836083 -0.216267 1.756337
v -2.808577 -0.273110 1.739858
v -2.791245 -0.328387 1.709803
v -2.785266 -0.378331 1.668220
v -2.791049 -0.419537 1.617942
v -2.808199 -0.449198 1.562396
v -2.835549 -0.465293 1.505368
v -2.871233 -0.466725 1.450743
v -2.912820 -0.453395 1.402244
v -2.957476 -0.426213 1.363177
v -3.002158 -0.387031 1.336204
v -3.043821 -0.338519 1.323162
v -3.079625 -0.283983 1.324942
v -3.107130 -0.227140 1.341420
v -3.124463 -0.171863 1.371475
v -3.130442 -0.121920 1.413059
v -3.124659 -0.080713 1.463336
v -3.107508 -0.051052 1.518882
v -3.080159 -0.034957 1.575911
v -3.044475 -0.033525 1.630536
v -3.061552 -0.089157 1.717242
v -3.016496 -0.116051 1.756049
v -2.970642 -0.154388 1.782259
v -2.927115 -0.201555 1.794086
v -2.888881 -0.254339 1.790724
v -2.858545 -0.309142 1.772402
v -2.838176 -0.362229 1.740369
v -2.829161 -0.409983 1.696808
v -2.832114 -0.449149 1.644687
v -2.846835 -0.477058 1.587559
v -2.872319 -0.491808 1.529316
v -2.906831 -0.492394 1.473928
v -2.948019 -0.478777 1.425169
v -2.993074 -0.451883 1.386362
v -3.038929 -0.413546 1.360152
v -3.082456 -0.366378 1.348325
v -3.120690 -0.313595 1.351687
v -3.151025 -0.258792 1.370009
v -3.171395 -0.205705 1.402042
v -3.180410 -0.157951 1.445603
v -3.177457 -0.118785 1.497724
v -3.162736 -0.090876 1.554852
v -3.137252 -0.076126 1.613095
v -3.102740 -0.075539 1.668483
v -3.119001 -0.135630 1.752323
v -3.073554 -0.162207 1.790891
v -3.026552 -0.199615 1.816400
v -2.981199 -0.245306 1.827112
v -2.940585 -0.296165 1.822297
v -2.907479 -0.348726 1.802283
v -2.884135 -0.399407 1.768434
v -2.872146 -0.444755 1.723057
v -2.872328 -0.481680 1.669244
v -2.884669 -0.507664 1.610663
v -2.908328 -0.520937 1.551305
v -2.941692 -0.520595 1.495216
v -2.982488 -0.506660 1.446218
v -3.027936 -0.480083 1.407650
v -3.074937 -0.442675 1.382141
v -3.120291 -0.396985 1.371429
v -3.160904 -0.346126 1.376244
v -3.194011 -0.293565 1.396258
v -3.217354 -0.242883 1.430107
v -3.229343 -0.197535 1.475484
v -3.229161 -0.160611 1.529297
v -3.216820 -0.134627 1.587878
v -3.193161 -0.121353 1.647236
v -3.159797 -0.121696 1.703325
v -3.174989 -0.186075 1.784127
v -3.129160 -0.212308 1.822479
v -3.081039 -0.248709 1.847352
v -3.033907 -0.292796 1.857053
v -2.990974 -0.341565 1.850921
v -2.955167 -0.391693 1.829373
v -2.928925 -0.439763 1.793878
v -2.914038 -0.482500 1.746854
v -2.911520 -0.516991 1.691507
v -2.921541 -0.540886 1.631608
v -2.943421 -0.552556 1.571239
v -2.975666 -0.551206 1.514515
v -3.016081 -0.536928 1.465300
v -3.061910 -0.510694 1.426949
v -3.110030 -0.474294 1.402076
v -3.157163 -0.430207 1.392375
v -3.200096 -0.381438 1.398507
v -3.235903 -0.331310 1.420055
v -3.262144 -0.283239 1.455550
v -3.277031 -0.240502 1.502573
v -3.279550 -0.206011 1.557921
v -3.269528 -0.182117 1.617820
v -3.247649 -0.170447 1.678188
v -3.215403 -0.171797 1.734913
v -3.229276 -0.240277 1.812519
v -3.183077 -0.266141 1.850676
v -3.133872 -0.301458 1.874983
v -3.085014 -0.343823 1.883781
v -3.039832 -0.390347 1.876473
v -3.001406 -0.437860 1.853555
v -2.972355 -0.483125 1.816591
v -2.954658 -0.523056 1.768098
v -2.949521 -0.554932 1.711381
v -2.957294 -0.576582 1.650306
v -2.977448 -0.586529 1.589035
v -3.008608 -0.584096 1.531743
v -3.048653 -0.569448 1.482335
v -3.094851 -0.543585 1.444178
v -3.144057 -0.508267 1.419871
v -3.192915 -0.465903 1.411072
v -3.238096 -0.419379 1.418381
v -3.276522 -0.371865 1.441298
v -3.305573 -0.326601 1.478263
v -3.323271 -0.286669 1.526756
v -3.328408 -0.254793 1.583473
v -3.320635 -0.233143 1.644548
v -3.300481 -0.223196 1.705819
v -3.269320 -0.225629 1.763111
v -3.281629 -0.298002 1.837375
v -3.235073 -0.323472 1.875363
v -3.184822 -0.357636 1.899173
v -3.134300 -0.398166 1.907182
v -3.086950 -0.442299 1.898844
v -3.045999 -0.487028 1.874727
v -3.014237 -0.529305 1.836476
v -2.993830 -0.566248 1.786696
v -2.986167 -0.595340 1.728781
v -2.991772 -0.614599 1.666676
v -3.010262 -0.622711 1.604615
v -3.040377 -0.619125 1.546826
v -3.080064 -0.604084 1.497249
v -3.126620 -0.578613 1.459261
v -3.176871 -0.544449 1.435451
v -3.227393 -0.503919 1.427442
v -3.274743 -0.459786 1.435780
v -3.315694 -0.415057 1.459897
v -3.347456 -0.372781 1.498148
v -3.367863 -0.335837 1.547928
v -3.375525 -0.306745 1.605844
v -3.369921 -0.287487 1.667948
v -3.351431 -0.279374 1.730009
v -3.321316 -0.282961 1.787797
v -3.331824 -0.359004 1.858590
v -3.284926 -0.384059 1.896434
v -3.233672 -0.417004 1.919820
v -3.181555 -0.455595 1.927154
v -3.132125 -0.497201 1.917938
v -3.088753 -0.538988 1.892798
v -3.054394 -0.578106 1.853448
v -3.031388 -0.611892 1.802570
v -3.021304 -0.638041 1.743631
v -3.024830 -0.654773 1.680648
v -3.041724 -0.660947 1.617913
v -3.070836 -0.656142 1.559700
v -3.110182 -0.640685 1.509978
v -3.157079 -0.615630 1.472135
v -3.208333 -0.582685 1.448749
v -3.260451 -0.544094 1.441414
v -3.309880 -0.502488 1.450631
v -3.353252 -0.460701 1.475771
v -3.387612 -0.421582 1.515121
v -3.410618 -0.387797 1.565998
v -3.420701 -0.361647 1.624937
v -3.417176 -0.344916 1.687920
v -3.400281 -0.338742 1.750656
v -3.371170 -0.343547 1.808868
v -3.379646 -0.423021 1.876074
v -3.332422 -0.447640 1.913798
v -3.280213 -0.479306 1.936834
v -3.226575 -0.515862 1.943613
v -3.175165 -0.554817 1.933672
v -3.129487 -0.593515 1.907689
v -3.092651 -0.629320 1.867435
v -3.067170 -0.659792 1.815652
v -3.054780 -0.682854 1.755869
v -3.056324 -0.696934 1.692162
v -3.071699 -0.701072 1.628871
v -3.099855 -0.694988 1.570309
v -3.138875 -0.679095 1.520468
v -3.186099 -0.654477 1.482744
v -3.238308 -0.622810 1.459707
v -3.291946 -0.586254 1.452928
v -3.343356 -0.547300 1.462869
v -3.389035 -0.508601 1.488852
v -3.425870 -0.472796 1.529107
v -3.451351 -0.442325 1.580890
v -3.463741 -0.419263 1.640672
v -3.462197 -0.405183 1.704379
v -3.446822 -0.401044 1.767671
v -3.418666 -0.407128 1.826232
v -3.424891 -0.489780 1.889750
v -3.377359 -0.513943 1.927381
v -3.324245 -0.544276 1.950144
v -3.269170 -0.578710 1.956488
v -3.215886 -0.614900 1.945981
v -3.168024 -0.650378 1.919338
v -3.128847 -0.682727 1.878376
v -3.101024 -0.709743 1.825885
v -3.086451 -0.729585 1.765443
v -3.086122 -0.740899 1.701169
v -3.100058 -0.742916 1.637443
v -3.127311 -0.735498 1.578608
v -3.166022 -0.719150 1.528674
v -3.213554 -0.694987 1.491042
v -3.266667 -0.664654 1.468279
v -3.321743 -0.630220 1.461935
v -3.375027 -0.594031 1.472443
v -3.422889 -0.558553 1.499085
v -3.462066 -0.526203 1.540048
v -3.489889 -0.499187 1.592539
v -3.504462 -0.479346 1.652981
v -3.504791 -0.468031 1.717255
v -3.490855 -0.466014 1.780980
v -3.463602 -0.473432 1.839815
v -3.467364 -0.558994 1.899560
v -3.419543 -0.582686 1.937125
v -3.365581 -0.611635 1.959692
v -3.309155 -0.643870 1.965724
v -3.254112 -0.677192 1.954811
v -3.204201 -0.709332 1.927695
v -3.162826 -0.738099 1.886224
v -3.132804 -0.761532 1.833225
v -3.116183 -0.778035 1.772310
v -3.114094 -0.786482 1.707630
v -3.126680 -0.786300 1.643592
v -3.153084 -0.777498 1.584561
v -3.191506 -0.760679 1.534560
v -3.239327 -0.736987 1.496996
v -3.293289 -0.708037 1.474429
v -3.349715 -0.675803 1.468396
v -3.404758 -0.642481 1.479310
v -3.454669 -0.610341 1.506426
v -3.496044 -0.581574 1.547897
v -3.526066 -0.558141 1.600895
v -3.542687 -0.541638 1.661810
v -3.544776 -0.533191 1.726490
v -3.532190 -0.533373 1.790528
v -3.505786 -0.542175 1.849559
v -3.506885 -0.630367 1.905464
v -3.458794 -0.653573 1.942988
v -3.404042 -0.681096 1.965437
v -3.346360 -0.711062 1.971282
v -3.289680 -0.741428 1.960124
v -3.237864 -0.770125 1.932723
v -3.194442 -0.795197 1.890947
v -3.162374 -0.814936 1.837642
v -3.143847 -0.827996 1.776443
v -3.140121 -0.833487 1.711518
v -3.151451 -0.831036 1.647293
v -3.177065 -0.820809 1.588144
v -3.215218 -0.803503 1.538102
v -3.263309 -0.780297 1.500578
v -3.318061 -0.752774 1.478129
v -3.375742 -0.722808 1.472284
v -3.432423 -0.692442 1.483442
v -3.484239 -0.663745 1.510843
v -3.527661 -0.638673 1.552619
v -3.559728 -0.618934 1.605923
v -3.578256 -0.605874 1.667123
v -3.581982 -0.600383 1.732048
v -3.570651 -0.602834 1.796273
v -3.545037 -0.613061 1.855422
v -3.543283 -0.703594 1.907434
v -3.494944 -0.726301 1.944945
v -3.439465 -0.752361 1.967355
v -3.380626 -0.779999 1.973137
v -3.322438 -0.807332 1.961897
v -3.268866 -0.832497 1.934401
v -3.223560 -0.853779 1.892523
v -3.189609 -0.869727 1.839117
v -3.169325 -0.879255 1.777822
v -3.164092 -0.881713 1.712816
v -3.174265 -0.876934 1.648528
v -3.199152 -0.865244 1.589339
v -3.237057 -0.847439 1.539284
v -3.285396 -0.824733 1.501774
v -3.340875 -0.798672 1.479364
v -3.399713 -0.771034 1.473582
v -3.457901 -0.743701 1.484822
v -3.511473 -0.718536 1.512318
v -3.556779 -0.697255 1.554196
v -3.590730 -0.681306 1.607602
v -3.611014 -0.671779 1.668897
v -3.616247 -0.669320 1.733903
v -3.606074 -0.674099 1.798191
v -3.581187 -0.685789 1.857379
v -3.576402 -0.778361 1.905464
v -3.527838 -0.800558 1.942988
v -3.471697 -0.825124 1.965437
v -3.411806 -0.850386 1.971282
v -3.352246 -0.874622 1.960124
v -3.297076 -0.896181 1.932723
v -3.250056 -0.913592 1.890947
v -3.214390 -0.925670 1.837643
v -3.192509 -0.931591 1.776443
v -3.185904 -0.930953 1.711518
v -3.195024 -0.923798 1.647293
v -3.219250 -0.910613 1.588144
v -3.256928 -0.892299 1.538102
v -3.305493 -0.870102 1.500578
v -3.361634 -0.845536 1.478129
v -3.421525 -0.820274 1.472284
v -3.481085 -0.796038 1.483443
v -3.536255 -0.774479 1.510843
v -3.583275 -0.757068 1.552619
v -3.618941 -0.744990 1.605923
v -3.640822 -0.739069 1.667123
v -3.647427 -0.739707 1.732048
v -3.638306 -0.746862 1.796273
v -3.614081 -0.760046 1.855422
v -3.606102 -0.854348 1.899560
v -3.557335 -0.876027 1.937125
v -3.500601 -0.899075 1.959692
v -3.439766 -0.921922 1.965724
v -3.378976 -0.943011 1.954811
v -3.322373 -0.960904 1.927695
v -3.273816 -0.974382 1.886224
v -3.236613 -0.982526 1.833225
v -3.213299 -0.984782 1.772310
v -3.205463 -0.980996 1.707630
v -3.213640 -0.971426 1.643592
v -3.237272 -0.956723 1.584561
v -3.274748 -0.937891 1.534560
v -3.323515 -0.916212 1.496996
v -3.380250 -0.893164 1.474429
v -3.441085 -0.870317 1.468396
v -3.501875 -0.849228 1.479310
v -3.558477 -0.831335 1.506426
v -3.607035 -0.817858 1.547897
v -3.644238 -0.809713 1.600895
v -3.667552 -0.807457 1.661810
v -3.675387 -0.811243 1.726490
v -3.667210 -0.820813 1.790528
v -3.643578 -0.835515 1.849559
v -3.632254 -0.931229 1.889750
v -3.583309 -0.952384 1.927381
v -3.526052 -0.973896 1.950144
v -3.464386 -0.994299 1.956488
v -3.402513 -1.012203 1.945981
v -3.344649 -1.026388 1.919338
v -3.294738 -1.035886 1.878376
v -3.256181 -1.040051 1.825885
v -3.231606 -1.038599 1.765443
v -3.222687 -1.031628 1.701169
v -3.230032 -1.019614 1.637443
v -3.253142 -1.003376 1.578608
v -3.290440 -0.984020 1.528674
v -3.339385 -0.962864 1.491042
v -3.396642 -0.941352 1.468279
v -3.458308 -0.920949 1.461935
v -3.520181 -0.903045 1.472443
v -3.578045 -0.888860 1.499085
v -3.627956 -0.879362 1.540048
v -3.666513 -0.875197 1.592539
v -3.691089 -0.876649 1.652981
v -3.700007 -0.883620 1.717255
v -3.692662 -0.895634 1.780980
v -3.669552 -0.911872 1.839815
v -3.654747 -1.008674 1.876074
v -3.605649 -1.029302 1.913798
v -3.547943 -1.049267 1.936834
v -3.485561 -1.067208 1.943613
v -3.422756 -1.081905 1.933672
v -3.363808 -1.092353 1.907689
v -3.312732 -1.097843 1.867435
v -3.273011 -1.097999 1.815652
v -3.247351 -1.092811 1.755869
v -3.237500 -1.082632 1.692162
v -3.244131 -1.068157 1.628871
v -3.266791 -1.050371 1.570309
v -3.303936 -1.030487 1.520468
v -3.353034 -1.009860 1.482744
v -3.410740 -0.989895 1.459707
v -3.473121 -0.971953 1.452928
v -3.535926 -0.957257 1.462869
v -3.594875 -0.946808 1.488852
v -3.645951 -0.941319 1.529107
v -3.685672 -0.941163 1.580890
v -3.711332 -0.946351 1.640672
v -3.721183 -0.956529 1.704379
v -3.714552 -0.971005 1.767671
v -3.691892 -0.988790 1.826232
v -3.673485 -1.086354 1.858590
v -3.624259 -1.106452 1.896434
v -3.566178 -1.124865 1.919820
v -3.503201 -1.140337 1.927154
v -3.439620 -1.151816 1.917938
v -3.379767 -1.158518 1.892798
v -3.327722 -1.159986 1.853448
v -3.287031 -1.156121 1.802570
v -3.260467 -1.147186 1.743631
v -3.249840 -1.133790 1.680648
v -3.255875 -1.116846 1.617913
v -3.278161 -1.097508 1.559700
v -3.315178 -1.077095 1.509978
v -3.364404 -1.056997 1.472135
v -3.422485 -1.038584 1.448749
v -3.485461 -1.023111 1.441414
v -3.549043 -1.011633 1.450631
v -3.608895 -1.004931 1.475771
v -3.660941 -1.003462 1.515121
v -3.701632 -1.007327 1.565998
v -3.728196 -1.016262 1.624937
v -3.738822 -1.029658 1.687920
v -3.732787 -1.046603 1.750656
v -3.710502 -1.065940 1.808868
v -3.688386 -1.163934 1.837375
v -3.639059 -1.183503 1.875363
v -3.580680 -1.200366 1.899173
v -3.517230 -1.213373 1.907182
v -3.453032 -1.221638 1.898844
v -3.392460 -1.224598 1.874727
v -3.339643 -1.222050 1.836476
v -3.298181 -1.214170 1.786696
v -3.270898 -1.201493 1.728781
v -3.259654 -1.184883 1.666676
v -3.265216 -1.165473 1.604615
v -3.287203 -1.144585 1.546827
v -3.324119 -1.123643 1.497249
v -3.373447 -1.104074 1.459261
v -3.431825 -1.087211 1.435451
v -3.495275 -1.074204 1.427442
v -3.559474 -1.065939 1.435780
v -3.620045 -1.062979 1.459897
v -3.672862 -1.065526 1.498148
v -3.714324 -1.073407 1.547928
v -3.741607 -1.086084 1.605844
v -3.752851 -1.102694 1.667948
v -3.747290 -1.122104 1.730009
v -3.725302 -1.142992 1.787798
v -3.699389 -1.241084 1.812519
v -3.649986 -1.260127 1.850676
v -3.591388 -1.275448 1.874983
v -3.527588 -1.286003 1.883781
v -3.462934 -1.291073 1.876473
v -3.401831 -1.290311 1.853555
v -3.348445 -1.283770 1.816591
v -3.306413 -1.271896 1.768098
v -3.278599 -1.255497 1.711381
v -3.266900 -1.235692 1.650306
v -3.272112 -1.213830 1.589035
v -3.293880 -1.191400 1.531743
v -3.330720 -1.169932 1.482335
v -3.380123 -1.150889 1.444178
v -3.438721 -1.135568 1.419871
v -3.502521 -1.125013 1.411072
v -3.567175 -1.119943 1.418381
v -3.628277 -1.120705 1.441298
v -3.681664 -1.127246 1.478263
v -3.723696 -1.139120 1.526756
v -3.751509 -1.155519 1.583473
v -3.763209 -1.175324 1.644548
v -3.757997 -1.197186 1.705819
v -3.736229 -1.219616 1.763111
v -3.706444 -1.317471 1.784128
v -3.656993 -1.335994 1.822479
v -3.598254 -1.349789 1.847352
v -3.534230 -1.357916 1.857053
v -3.469283 -1.359821 1.850921
v -3.407841 -1.355375 1.829373
v -3.354089 -1.344880 1.793878
v -3.311692 -1.329051 1.746855
v -3.283538 -1.308968 1.691507
v -3.271546 -1.285999 1.631608
v -3.276534 -1.261709 1.571240
v -3.298161 -1.237753 1.514515
v -3.334954 -1.215765 1.465300
v -3.384404 -1.197242 1.426950
v -3.443143 -1.183447 1.402076
v -3.507168 -1.175320 1.392375
v -3.572114 -1.173414 1.398507
v -3.633556 -1.177861 1.420055
v -3.687308 -1.188356 1.455550
v -3.729705 -1.204184 1.502574
v -3.757859 -1.224267 1.557921
v -3.769851 -1.247237 1.617820
v -3.764863 -1.271527 1.678189
v -3.743236 -1.295482 1.734913
v -3.709522 -1.392770 1.752323
v -3.660050 -1.410780 1.790891
v -3.601250 -1.423070 1.816400
v -3.537128 -1.428804 1.827112
v -3.472054 -1.427590 1.822297
v -3.410463 -1.419512 1.802283
v -3.356552 -1.405119 1.768434
v -3.313995 -1.385393 1.723057
v -3.285693 -1.361678 1.669244
v -3.273574 -1.335589 1.610663
v -3.278463 -1.308906 1.551305
v -3.300029 -1.283446 1.495216
v -3.336801 -1.260944 1.446218
v -3.386272 -1.242934 1.407650
v -3.445073 -1.230644 1.382141
v -3.509195 -1.224910 1.371429
v -3.574269 -1.226124 1.376244
v -3.635860 -1.234202 1.396258
v -3.689771 -1.248595 1.430107
v -3.732327 -1.268321 1.475484
v -3.760630 -1.292037 1.529297
v -3.772749 -1.318125 1.587878
v -3.767859 -1.344808 1.647236
v -3.746294 -1.370268 1.703325
v -3.708611 -1.466657 1.717242
v -3.659145 -1.484163 1.756049
v -3.600363 -1.494977 1.782259
v -3.536269 -1.498363 1.794086
v -3.471233 -1.494089 1.790724
v -3.409686 -1.482446 1.772402
v -3.355823 -1.464229 1.740369
v -3.313313 -1.440678 1.696808
v -3.285055 -1.413399 1.644687
v -3.272973 -1.384250 1.587559
v -3.277892 -1.355218 1.529316
v -3.299476 -1.328282 1.473928
v -3.336253 -1.305277 1.425169
v -3.385719 -1.287770 1.386362
v -3.444501 -1.276956 1.360152
v -3.508595 -1.273571 1.348325
v -3.573631 -1.277845 1.351687
v -3.635178 -1.289487 1.370009
v -3.689041 -1.307705 1.402042
v -3.731551 -1.331256 1.445603
v -3.759809 -1.358535 1.497724
v -3.771891 -1.387684 1.554852
v -3.766972 -1.416715 1.613095
v -3.745388 -1.443652 1.668483
v -3.703712 -1.538816 1.679034
v -3.654280 -1.555831 1.718101
v -3.595596 -1.565204 1.745075
v -3.531658 -1.566296 1.758116
v -3.466825 -1.559032 1.756337
v -3.405514 -1.543909 1.739858
v -3.351904 -1.521956 1.709803
v -3.309648 -1.494670 1.668220
v -3.281626 -1.463910 1.617942
v -3.269748 -1.431773 1.562396
v -3.274822 -1.400447 1.505368
v -3.296504 -1.372069 1.450743
v -3.333315 -1.348572 1.402244
v -3.382747 -1.331558 1.363177
v -3.441431 -1.322185 1.336204
v -3.505369 -1.321093 1.323162
v -3.570202 -1.328357 1.324942
v -3.631513 -1.343480 1.341420
v -3.685123 -1.365432 1.371475
v -3.727379 -1.392719 1.413059
v -3.755401 -1.423479 1.463336
v -3.767280 -1.455616 1.518882
v -3.762205 -1.486942 1.575911
v -3.740524 -1.515320 1.630536
v -3.694849 -1.608939 1.637863
v -3.645477 -1.625476 1.677211
v -3.586970 -1.633448 1.705007
v -3.523314 -1.632311 1.719357
v -3.458848 -1.622143 1.719283
v -3.397965 -1.603637 1.704790
v -3.344814 -1.578055 1.676866
v -3.303016 -1.547139 1.637414
v -3.275422 -1.512996 1.589122
v -3.263911 -1.477954 1.535282
v -3.269267 -1.444400 1.479562
v -3.291125 -1.414621 1.425760
v -3.327997 -1.390646 1.377542
v -3.377368 -1.374109 1.338194
v -3.435876 -1.366138 1.310398
v -3.499532 -1.367275 1.296048
v -3.563998 -1.377442 1.296122
v -3.624881 -1.395948 1.310615
v -3.678032 -1.421531 1.338539
v -3.719830 -1.452447 1.377991
v -3.747424 -1.486589 1.426283
v -3.758935 -1.521631 1.480123
v -3.753579 -1.555186 1.535843
v -3.731721 -1.584965 1.589645
v -3.682059 -1.676725 1.593905
v -3.632774 -1.692800 1.633552
v -3.574522 -1.699417 1.662227
v -3.511273 -1.696126 1.677974
v -3.447337 -1.683150 1.679721
v -3.387070 -1.661375 1.667348
v -3.334581 -1.632284 1.641700
v -3.293446 -1.597859 1.604523
v -3.266469 -1.560447 1.558352
v -3.255487 -1.522596 1.506332
v -3.261250 -1.486888 1.452009
v -3.283364 -1.455754 1.399085
v -3.320323 -1.431318 1.351167
v -3.369607 -1.415243 1.311520
v -3.427859 -1.408626 1.282845
v -3.491108 -1.411917 1.267098
v -3.555045 -1.424893 1.265351
v -3.615311 -1.446668 1.277724
v -3.667800 -1.475760 1.303372
v -3.708935 -1.510184 1.340549
v -3.735913 -1.547597 1.386720
v -3.746894 -1.585447 1.438740
v -3.741132 -1.621155 1.493063
v -3.719018 -1.652289 1.545987
v -3.665396 -1.741884 1.547349
v -3.616225 -1.757515 1.587313
v -3.558306 -1.762830 1.616918
v -3.495586 -1.757468 1.634145
v -3.432340 -1.741793 1.637820
v -3.372878 -1.716875 1.627693
v -3.321251 -1.684411 1.604455
v -3.280978 -1.646613 1.569688
v -3.254805 -1.606058 1.525762
v -3.244513 -1.565509 1.475671
v -3.250805 -1.527729 1.422828
v -3.273252 -1.495294 1.370834
v -3.310325 -1.470413 1.323233
v -3.359496 -1.454782 1.283268
v -3.417415 -1.449467 1.253664
v -3.480134 -1.454829 1.236437
v -3.543380 -1.470504 1.232762
v -3.602843 -1.495422 1.242888
v -3.654469 -1.527887 1.266127
v -3.694742 -1.565684 1.300894
v -3.720916 -1.606240 1.344820
v -3.731207 -1.646789 1.394911
v -3.724915 -1.684568 1.447754
v -3.702468 -1.717003 1.499748
v -3.644932 -1.804137 1.498393
v -3.595900 -1.819343 1.538691
v -3.538390 -1.823415 1.569274
v -3.476321 -1.816074 1.588057
v -3.413922 -1.797821 1.593760
v -3.355447 -1.769899 1.585994
v -3.304880 -1.734213 1.565290
v -3.265666 -1.693193 1.533057
v -3.240480 -1.649635 1.491493
v -3.231036 -1.606507 1.443430
v -3.237978 -1.566749 1.392143
v -3.260834 -1.533069 1.341127
v -3.298046 -1.507764 1.293859
v -3.347078 -1.492558 1.253561
v -3.404588 -1.488487 1.222979
v -3.466657 -1.495828 1.204196
v -3.529056 -1.514081 1.198493
v -3.587531 -1.542002 1.206258
v -3.638098 -1.577689 1.226962
v -3.677311 -1.618709 1.259195
v -3.702498 -1.662267 1.300759
v -3.711942 -1.705395 1.348823
v -3.704999 -1.745153 1.400110
v -3.682143 -1.778832 1.451126
v -3.620754 -1.863218 1.447247
v -3.571887 -1.878021 1.487894
v -3.514860 -1.880913 1.519498
v -3.453559 -1.871694 1.539907
v -3.392162 -1.850993 1.547728
v -3.334853 -1.820222 1.542430
v -3.285537 -1.781477 1.524373
v -3.247576 -1.737399 1.494788
v -3.223555 -1.690991 1.455691
v -3.215113 -1.645416 1.409746
v -3.222824 -1.603780 1.360084
v -3.246163 -1.568921 1.310091
v -3.283539 -1.543213 1.263172
v -3.332406 -1.528409 1.222525
v -3.389433 -1.525518 1.190921
v -3.450734 -1.534737 1.170512
v -3.512131 -1.555437 1.162691
v -3.569440 -1.586208 1.167989
v -3.618756 -1.624953 1.186046
v -3.656717 -1.669032 1.215631
v -3.680738 -1.715440 1.254728
v -3.689180 -1.761014 1.300673
v -3.681469 -1.802650 1.350334
v -3.658130 -1.837510 1.400328
v -3.592966 -1.918872 1.394131
v -3.544288 -1.933296 1.435140
v -3.487817 -1.935075 1.467805
v -3.427399 -1.924088 1.489902
v -3.367153 -1.901082 1.499924
v -3.311184 -1.867626 1.497188
v -3.263307 -1.826001 1.481880
v -3.226784 -1.779041 1.455045
v -3.204103 -1.729949 1.418509
v -3.196812 -1.682069 1.374765
v -3.205406 -1.638664 1.326792
v -3.229301 -1.602692 1.277859
v -3.266867 -1.576605 1.231302
v -3.315544 -1.562181 1.190294
v -3.372016 -1.560402 1.157628
v -3.432433 -1.571389 1.135531
v -3.492679 -1.594395 1.125509
v -3.548648 -1.627851 1.128245
v -3.596526 -1.669477 1.143553
v -3.633049 -1.716436 1.170388
v -3.655729 -1.765528 1.206924
v -3.663020 -1.813408 1.250668
v -3.654426 -1.856813 1.298642
v -3.630532 -1.892785 1.347574
v -3.561687 -1.970862 1.339272
v -3.513223 -1.984932 1.380654
v -3.457376 -1.985672 1.414416
v -3.397953 -1.973032 1.438257
v -3.339002 -1.947873 1.450551
v -3.284542 -1.911910 1.450461
v -3.238284 -1.867593 1.437993
v -3.203380 -1.817942 1.413997
v -3.182209 -1.766342 1.380108
v -3.176213 -1.716308 1.338636
v -3.185801 -1.671251 1.292406
v -3.210320 -1.634241 1.244570
v -3.248100 -1.607799 1.198387
v -3.296564 -1.593729 1.157004
v -3.352411 -1.592989 1.123242
v -3.411834 -1.605629 1.099402
v -3.470784 -1.630788 1.087108
v -3.525244 -1.666752 1.087198
v -3.571503 -1.711069 1.099666
v -3.606407 -1.760719 1.123662
v -3.627578 -1.812319 1.157550
v -3.633574 -1.862353 1.199023
v -3.623985 -1.907410 1.245252
v -3.599466 -1.944420 1.293089
v -3.527051 -2.018965 1.282905
v -3.478823 -2.032707 1.324671
v -3.423668 -2.032486 1.359559
v -3.365346 -2.018317 1.385191
v -3.307830 -1.991166 1.399820
v -3.255041 -1.952882 1.402449
v -3.210575 -1.906075 1.392899
v -3.177464 -1.853935 1.371821
v -3.157964 -1.800014 1.340651
v -3.153402 -1.747988 1.301514
v -3.164092 -1.701402 1.257076
v -3.189303 -1.663430 1.210365
v -3.227318 -1.636661 1.164567
v -3.275546 -1.622919 1.122800
v -3.330701 -1.623140 1.087912
v -3.389024 -1.637309 1.062280
v -3.446539 -1.664460 1.047651
v -3.499329 -1.702744 1.045022
v -3.543794 -1.749551 1.054572
v -3.576905 -1.801692 1.075650
v -3.596406 -1.855612 1.106820
v -3.600967 -1.907638 1.145957
v -3.590278 -1.954225 1.190395
v -3.565066 -1.992196 1.237106
v -3.489207 -2.062976 1.225270
v -3.441236 -2.076418 1.267430
v -3.386838 -2.075318 1.303469
v -3.329718 -2.059750 1.330933
v -3.273770 -2.030776 1.347949
v -3.222806 -1.990369 1.353359
v -3.180300 -1.941284 1.346792
v -3.149148 -1.886865 1.328697
v -3.131472 -1.830822 1.300307
v -3.128479 -1.776973 1.263557
v -3.140371 -1.728987 1.220951
v -3.166338 -1.690137 1.175392
v -3.204611 -1.663068 1.129986
v -3.252582 -1.649625 1.087826
v -3.306980 -1.650725 1.051787
v -3.364100 -1.666293 1.024323
v -3.420048 -1.695268 1.007307
v -3.471012 -1.735675 1.001898
v -3.513518 -1.784760 1.008464
v -3.544671 -1.839178 1.026559
v -3.562346 -1.895222 1.054949
v -3.565339 -1.949071 1.091699
v -3.553447 -1.997056 1.134306
v -3.527480 -2.035907 1.179864
v -3.448316 -2.102705 1.166616
v -3.400624 -2.115877 1.209175
v -3.347042 -2.113983 1.246387
v -3.291222 -2.097152 1.275715
v -3.236968 -2.066532 1.295161
v -3.187977 -2.024209 1.303399
v -3.147587 -1.973067 1.299869
v -3.118551 -1.916592 1.284810
v -3.102848 -1.858632 1.259249
v -3.101549 -1.803138 1.224928
v -3.114740 -1.753890 1.184187
v -3.141525 -1.714245 1.139800
v -3.180077 -1.686905 1.094793
v -3.227768 -1.673734 1.052234
v -3.281350 -1.675628 1.015023
v -3.337170 -1.692458 0.985695
v -3.391424 -1.723078 0.966249
v -3.440416 -1.765401 0.958011
v -3.480805 -1.816543 0.961541
v -3.509841 -1.873018 0.976600
v -3.525544 -1.930978 1.002160
v -3.526844 -1.986473 1.036481
v -3.513652 -2.035721 1.077223
v -3.486867 -2.075365 1.121610
v -3.404553 -2.137983 1.107193
v -3.357159 -2.150914 1.150157
v -3.304452 -2.148316 1.188556
v -3.250023 -2.130364 1.219773
v -3.197581 -2.098282 1.241680
v -3.150701 -2.054258 1.252784
v -3.112576 -2.001290 1.252330
v -3.085806 -1.942988 1.240347
v -3.072214 -1.883327 1.217653
v -3.072727 -1.826371 1.185794
v -3.087310 -1.776002 1.146940
v -3.114969 -1.735652 1.103741
v -3.153819 -1.708072 1.059140
v -3.201212 -1.695141 1.016176
v -3.253920 -1.697740 0.977777
v -3.308349 -1.715692 0.946560
v -3.360790 -1.747773 0.924653
v -3.407671 -1.791798 0.913548
v -3.445795 -1.844766 0.914003
v -3.472565 -1.903067 0.925985
v -3.486157 -1.962729 0.948680
v -3.485644 -2.019685 0.980539
v -3.471061 -2.070054 1.019392
v -3.443403 -2.110403 1.062592
v -3.358105 -2.168659 1.047255
v -3.311028 -2.181382 1.090627
v -3.259249 -2.178170 1.130224
v -3.206296 -2.159243 1.163345
v -3.155778 -2.125891 1.187735
v -3.111138 -2.080387 1.201731
v -3.075418 -2.025831 1.204379
v -3.051052 -1.965942 1.195499
v -3.039701 -1.904800 1.175696
v -3.042138 -1.846574 1.146320
v -3.058197 -1.795230 1.109371
v -3.086784 -1.754267 1.067370
v -3.125950 -1.726478 1.023177
v -3.173027 -1.713756 0.979804
v -3.224806 -1.716968 0.940208
v -3.277759 -1.735894 0.907086
v -3.328277 -1.769247 0.882696
v -3.372917 -1.814751 0.868700
v -3.408637 -1.869307 0.866052
v -3.433003 -1.929196 0.874932
v -3.444354 -1.990337 0.894735
v -3.441917 -2.048564 0.924112
v -3.425858 -2.099908 0.961060
v -3.397271 -2.140870 1.003062
v -3.309173 -2.194602 0.987059
v -3.262429 -2.207147 1.030842
v -3.211628 -2.203417 1.071641
v -3.160230 -2.183665 1.106676
v -3.111739 -2.149239 1.133559
v -3.069460 -2.102483 1.150459
v -3.036273 -2.046584 1.156223
v -3.014439 -1.985352 1.150459
v -3.005448 -1.922960 1.133559
v -3.009912 -1.863659 1.106676
v -3.027526 -1.811490 1.071641
v -3.057091 -1.770009 1.030842
v -3.096591 -1.742043 0.987059
v -3.143334 -1.729498 0.943277
v -3.194136 -1.733228 0.902478
v -3.245533 -1.752979 0.867442
v -3.294024 -1.787406 0.840559
v -3.336304 -1.834162 0.823660
v -3.369491 -1.890060 0.817896
v -3.391324 -1.951293 0.823660
v -3.400315 -2.013685 0.840559
v -3.395851 -2.072986 0.867442
v -3.378237 -2.125155 0.902477
v -3.348673 -2.166636 0.943277
v -3.257965 -2.215699 0.926864
v -3.211570 -2.228100 0.971057
v -3.161792 -2.223949 1.013059
v -3.112022 -2.203527 1.050007
v -3.065652 -2.168226 1.079384
v -3.025842 -2.120453 1.099187
v -2.995306 -2.063462 1.108067
v -2.976124 -2.001138 1.105419
v -2.969603 -1.937728 1.091423
v -2.976188 -1.877553 1.067033
v -2.995430 -1.824714 1.033911
v -3.026017 -1.782811 0.994315
v -3.065866 -1.754702 0.950942
v -3.112260 -1.742300 0.906749
v -3.162039 -1.746452 0.864747
v -3.211809 -1.766873 0.827799
v -3.258178 -1.802174 0.798423
v -3.297988 -1.849947 0.778619
v -3.328525 -1.906938 0.769739
v -3.347707 -1.969262 0.772388
v -3.354228 -2.032673 0.786383
v -3.347643 -2.092848 0.810773
v -3.328401 -2.145687 0.843895
v -3.297813 -2.187589 0.883491
v -3.204700 -2.231861 0.866927
v -3.158669 -2.244153 0.911528
v -3.109954 -2.239678 0.954727
v -3.061877 -2.218742 0.993581
v -3.017714 -2.182772 1.025440
v -2.980474 -2.134219 1.048134
v -2.952694 -2.076392 1.060117
v -2.936269 -2.013231 1.060571
v -2.932317 -1.949041 1.049466
v -2.941109 -1.888197 1.027559
v -2.962044 -1.834844 0.996343
v -2.993695 -1.792619 0.957944
v -3.033907 -1.764399 0.914980
v -3.079939 -1.752107 0.870378
v -3.128653 -1.756582 0.827179
v -3.176730 -1.777518 0.788326
v -3.220893 -1.813488 0.756466
v -3.258134 -1.862041 0.733772
v -3.285913 -1.919868 0.721789
v -3.302338 -1.983029 0.721335
v -3.306290 -2.047219 0.732440
v -3.297499 -2.108063 0.754347
v -3.276564 -2.161416 0.785564
v -3.244912 -2.203641 0.823962
v -3.149607 -2.243019 0.807503
v -3.103951 -2.255234 0.852510
v -3.056338 -2.250537 0.896896
v -3.010012 -2.229247 0.937638
v -2.968130 -2.192814 0.971959
v -2.933547 -2.143723 0.997520
v -2.908620 -2.085318 1.012578
v -2.895047 -2.021580 1.016109
v -2.893752 -1.956852 1.007870
v -2.904826 -1.895545 0.988425
v -2.927511 -1.841838 0.959097
v -2.960264 -1.799390 0.921885
v -3.000851 -1.771094 0.879326
v -3.046507 -1.758878 0.834319
v -3.094121 -1.763576 0.789933
v -3.140447 -1.784866 0.749191
v -3.182328 -1.821298 0.714870
v -3.216911 -1.870389 0.689309
v -3.241838 -1.928794 0.674251
v -3.255412 -1.992532 0.670720
v -3.256706 -2.057261 0.678959
v -3.245633 -2.118567 0.698405
v -3.222947 -2.172275 0.727733
v -3.190194 -2.214723 0.764944
v -3.092922 -2.249125 0.748849
v -3.047652 -2.261298 0.794255
v -3.001171 -2.256479 0.839814
v -2.956647 -2.234994 0.882420
v -2.917113 -2.198309 0.919170
v -2.885265 -2.148924 0.947560
v -2.863271 -2.090203 0.965655
v -2.852633 -2.026148 0.972222
v -2.854073 -1.961126 0.966812
v -2.867494 -1.899566 0.949796
v -2.891981 -1.845665 0.922332
v -2.925867 -1.803095 0.886293
v -2.966840 -1.774757 0.844133
v -3.012110 -1.762583 0.798727
v -3.058591 -1.767403 0.753169
v -3.103115 -1.788887 0.710562
v -3.142648 -1.825572 0.673812
v -3.174497 -1.874958 0.645422
v -3.196490 -1.933679 0.627327
v -3.207129 -1.997733 0.620761
v -3.205689 -2.062756 0.626170
v -3.192268 -2.124315 0.643186
v -3.167780 -2.178217 0.670650
v -3.133895 -2.220787 0.706690
v -3.034886 -2.250152 0.691215
v -2.990012 -2.262319 0.737014
v -2.944691 -2.257479 0.783724
v -2.902011 -2.235962 0.828162
v -2.864882 -2.199234 0.867300
v -2.835833 -2.149799 0.898470
v -2.816843 -2.091025 0.919548
v -2.809208 -2.026917 0.929098
v -2.813448 -1.961845 0.926468
v -2.829273 -1.900243 0.911839
v -2.855605 -1.846309 0.886208
v -2.890650 -1.803718 0.851319
v -2.932019 -1.775373 0.809553
v -2.976893 -1.763207 0.763754
v -3.022214 -1.768047 0.717044
v -3.064894 -1.789563 0.672606
v -3.102024 -1.826291 0.633468
v -3.131073 -1.875726 0.602298
v -3.150062 -1.934501 0.581220
v -3.157697 -1.998608 0.571670
v -3.153457 -2.063680 0.574299
v -3.137632 -2.125283 0.588928
v -3.111300 -2.179216 0.614560
v -3.076256 -2.221807 0.649448
v -2.975749 -2.246097 0.634847
v -2.931278 -2.258291 0.681030
v -2.887138 -2.253532 0.728866
v -2.846338 -2.232144 0.775096
v -2.811658 -2.195584 0.816568
v -2.785461 -2.146345 0.850457
v -2.769534 -2.087780 0.874453
v -2.764960 -2.023883 0.886921
v -2.772052 -1.959006 0.887011
v -2.790326 -1.897572 0.874717
v -2.818538 -1.843767 0.850876
v -2.854764 -1.801257 0.817114
v -2.896537 -1.772940 0.775732
v -2.941008 -1.760746 0.729549
v -2.985147 -1.765505 0.681713
v -3.025948 -1.786893 0.635483
v -3.060628 -1.823452 0.594011
v -3.086824 -1.872692 0.560122
v -3.102752 -1.931256 0.536126
v -3.107326 -1.995154 0.523658
v -3.100234 -2.060030 0.523568
v -3.081959 -2.121465 0.535862
v -3.053747 -2.175270 0.559703
v -3.017521 -2.217780 0.593464
v -2.915765 -2.236976 0.579988
v -2.871702 -2.249232 0.626545
v -2.828761 -2.244656 0.675477
v -2.789867 -2.223557 0.723450
v -2.757672 -2.187376 0.767195
v -2.734369 -2.138576 0.803730
v -2.721546 -2.080484 0.830566
v -2.720077 -2.017058 0.845873
v -2.730063 -1.952622 0.848609
v -2.750822 -1.891565 0.838588
v -2.780940 -1.838050 0.816491
v -2.818365 -1.795723 0.783825
v -2.860546 -1.767468 0.742816
v -2.904608 -1.755211 0.696259
v -2.947550 -1.759788 0.647327
v -2.986443 -1.780886 0.599354
v -3.018639 -1.817068 0.555609
v -3.041942 -1.865868 0.519074
v -3.054765 -1.923960 0.492238
v -3.056233 -1.987385 0.476931
v -3.046248 -2.051822 0.474195
v -3.025489 -2.112878 0.484217
v -2.995370 -2.166394 0.506313
v -2.957946 -2.208721 0.538979
v -2.855189 -2.222829 0.526872
v -2.811539 -2.235182 0.573791
v -2.769809 -2.230888 0.623784
v -2.732840 -2.210239 0.673446
v -2.703154 -2.174644 0.719391
v -2.682773 -2.126526 0.758488
v -2.673085 -2.069166 0.788073
v -2.674752 -2.006473 0.806130
v -2.687660 -1.942719 0.811428
v -2.710928 -1.882249 0.803607
v -2.742972 -1.829183 0.783198
v -2.781607 -1.787138 0.751594
v -2.824201 -1.758980 0.710947
v -2.867850 -1.746627 0.664028
v -2.909581 -1.750921 0.614034
v -2.946549 -1.771569 0.564373
v -2.976236 -1.807165 0.518428
v -2.996617 -1.855283 0.479331
v -3.006304 -1.912642 0.449746
v -3.004637 -1.975336 0.431689
v -2.991730 -2.039090 0.426391
v -2.968462 -2.099560 0.434212
v -2.936418 -2.152626 0.454621
v -2.897783 -2.194671 0.486225
v -2.794282 -2.203717 0.475726
v -2.751047 -2.216200 0.522994
v -2.710533 -2.212288 0.574010
v -2.675501 -2.192246 0.625297
v -2.648337 -2.157442 0.673360
v -2.630894 -2.110247 0.714924
v -2.624360 -2.053876 0.747157
v -2.629179 -1.992172 0.767861
v -2.645025 -1.929340 0.775626
v -2.670816 -1.869662 0.769923
v -2.704795 -1.817203 0.751140
v -2.744648 -1.775540 0.720558
v -2.787656 -1.747512 0.680260
v -2.830891 -1.735029 0.632992
v -2.871405 -1.738941 0.581977
v -2.906437 -1.758982 0.530690
v -2.933600 -1.793787 0.482626
v -2.951044 -1.840982 0.441062
v -2.957578 -1.897352 0.408829
v -2.952759 -1.959056 0.388125
v -2.936913 -2.021888 0.380360
v -2.911122 -2.081567 0.386063
v -2.877143 -2.134026 0.404846
v -2.837291 -2.175688 0.435428
v -2.733304 -2.179720 0.426771
v -2.690485 -2.192367 0.474372
v -2.651189 -2.188934 0.526366
v -2.618095 -2.169656 0.579209
v -2.593457 -2.135846 0.629300
v -2.578955 -2.089808 0.673226
v -2.575577 -2.034679 0.707992
v -2.583553 -1.974218 0.731231
v -2.602340 -1.912543 0.741358
v -2.630657 -1.853858 0.737682
v -2.666574 -1.802162 0.720455
v -2.707645 -1.760979 0.690851
v -2.751069 -1.733114 0.650886
v -2.793888 -1.720468 0.603285
v -2.833184 -1.723900 0.551291
v -2.866278 -1.743179 0.498448
v -2.890916 -1.776989 0.448357
v -2.905418 -1.823027 0.404432
v -2.908796 -1.878155 0.369665
v -2.900820 -1.938617 0.346426
v -2.882033 -2.000292 0.336299
v -2.853716 -2.058977 0.339975
v -2.817798 -2.110672 0.357202
v -2.776728 -2.151855 0.386806
v -2.672515 -2.150943 0.380214
v -2.630111 -2.163786 0.428133
v -2.592030 -2.160928 0.481057
v -2.560868 -2.142564 0.535379
v -2.538748 -2.109946 0.587399
v -2.527178 -2.065296 0.633570
v -2.526947 -2.011657 0.670747
v -2.538069 -1.952685 0.696396
v -2.559788 -1.892399 0.708768
v -2.590623 -1.834906 0.707021
v -2.628473 -1.784125 0.691274
v -2.670758 -1.743516 0.662600
v -2.714597 -1.715848 0.622952
v -2.757001 -1.703005 0.575034
v -2.795082 -1.705863 0.522110
v -2.826245 -1.724226 0.467787
v -2.848364 -1.756845 0.415768
v -2.859934 -1.801495 0.369596
v -2.860165 -1.855133 0.332419
v -2.849043 -1.914105 0.306771
v -2.827324 -1.974392 0.294399
v -2.796489 -2.031885 0.296146
v -2.758639 -2.082666 0.311893
v -2.716354 -2.123274 0.340567
v -2.612178 -2.117507 0.336256
v -2.570184 -2.130578 0.384474
v -2.533309 -2.128389 0.438276
v -2.504064 -2.111087 0.493996
v -2.484444 -2.079854 0.547837
v -2.475785 -2.036817 0.596128
v -2.478677 -1.984909 0.635581
v -2.492923 -1.927668 0.663505
v -2.517552 -1.868994 0.677997
v -2.550886 -1.812886 0.678071
v -2.590654 -1.763168 0.663721
v -2.634144 -1.723228 0.635925
v -2.678394 -1.695787 0.596578
v -2.720387 -1.682716 0.548360
v -2.757263 -1.684906 0.494557
v -2.786507 -1.702207 0.438838
v -2.806128 -1.733440 0.384997
v -2.814787 -1.776477 0.336705
v -2.811895 -1.828385 0.297253
v -2.797649 -1.885627 0.269329
v -2.773020 -1.944300 0.254836
v -2.739686 -2.000408 0.254763
v -2.699918 -2.050127 0.269113
v -2.656428 -2.090067 0.296909
v -2.552548 -2.079557 0.295085
v -2.510961 -2.092886 0.343583
v -2.475277 -2.091455 0.398208
v -2.447928 -2.075360 0.455236
v -2.430777 -2.045699 0.510782
v -2.424994 -2.004492 0.561060
v -2.430973 -1.954549 0.602643
v -2.448306 -1.899272 0.632698
v -2.475811 -1.842429 0.649177
v -2.511616 -1.787893 0.650956
v -2.553278 -1.739381 0.637915
v -2.597960 -1.700199 0.610942
v -2.642616 -1.673017 0.571874
v -2.684203 -1.659687 0.523376
v -2.719887 -1.661119 0.468751
v -2.747237 -1.677213 0.411723
v -2.764387 -1.706875 0.356177
v -2.770170 -1.748081 0.305899
v -2.764192 -1.798025 0.264316
v -2.746859 -1.853302 0.234261
v -2.719353 -1.910145 0.217782
v -2.683549 -1.964681 0.216003
v -2.641886 -2.013193 0.229044
v -2.597204 -2.052375 0.256017
v -2.493884 -2.037255 0.256877
v -2.452696 -2.050873 0.305636
v -2.418185 -2.050286 0.361024
v -2.392700 -2.035536 0.419267
v -2.377979 -2.007627 0.476395
v -2.375026 -1.968461 0.528516
v -2.384041 -1.920707 0.572077
v -2.404411 -1.867620 0.604110
v -2.434746 -1.812817 0.622432
v -2.472980 -1.760033 0.625793
v -2.516508 -1.712866 0.613966
v -2.562361 -1.674529 0.587757
v -2.607418 -1.647635 0.548950
v -2.648605 -1.634018 0.500191
v -2.683117 -1.634604 0.444803
v -2.708601 -1.649354 0.386560
v -2.723322 -1.677263 0.329431
v -2.726275 -1.716429 0.277311
v -2.717260 -1.764183 0.233749
v -2.696891 -1.817270 0.201716
v -2.666555 -1.872073 0.183395
v -2.628321 -1.924857 0.180033
v -2.584794 -1.972024 0.191860
v -2.538940 -2.010361 0.218070
v -2.436435 -1.990782 0.221795
v -2.395639 -2.004716 0.270793
v -2.362275 -2.005058 0.326883
v -2.338616 -1.991785 0.386240
v -2.326275 -1.965801 0.444822
v -2.326093 -1.928877 0.498635
v -2.338082 -1.883529 0.544012
v -2.361425 -1.832847 0.577861
v -2.394532 -1.780286 0.597875
v -2.435146 -1.729427 0.602690
v -2.480499 -1.683737 0.591978
v -2.527501 -1.646328 0.566469
v -2.572948 -1.619751 0.527901
v -2.613744 -1.605817 0.478903
v -2.647108 -1.605475 0.422814
v -2.670767 -1.618748 0.363456
v -2.683108 -1.644732 0.304875
v -2.683290 -1.681656 0.251062
v -2.671301 -1.727005 0.205684
v -2.647958 -1.777686 0.171836
v -2.614851 -1.830247 0.151822
v -2.574237 -1.881106 0.147007
v -2.528884 -1.926796 0.157719
v -2.481882 -1.964205 0.183228
v -2.380447 -1.940337 0.189991
v -2.340033 -1.954615 0.239206
v -2.307787 -1.955965 0.295931
v -2.285908 -1.944295 0.356299
v -2.275886 -1.920400 0.416198
v -2.278405 -1.885909 0.471545
v -2.293292 -1.843173 0.518569
v -2.319533 -1.795102 0.554064
v -2.355340 -1.744974 0.575612
v -2.398273 -1.696205 0.581744
v -2.445406 -1.652118 0.572043
v -2.493526 -1.615717 0.547169
v -2.539356 -1.589484 0.508819
v -2.579770 -1.575206 0.459604
v -2.612015 -1.573856 0.402879
v -2.633894 -1.585526 0.342510
v -2.643916 -1.609421 0.282612
v -2.641398 -1.643911 0.227264
v -2.626511 -1.686648 0.180241
v -2.600269 -1.734719 0.144746
v -2.564462 -1.784847 0.123198
v -2.521529 -1.833616 0.117066
v -2.474397 -1.877703 0.126767
v -2.426276 -1.914103 0.151640
v -2.326161 -1.886135 0.161600
v -2.286116 -1.900783 0.211008
v -2.254956 -1.903216 0.268300
v -2.234802 -1.893269 0.329571
v -2.227028 -1.871619 0.390646
v -2.232166 -1.839743 0.447363
v -2.249863 -1.799812 0.495856
v -2.278914 -1.754547 0.532821
v -2.317340 -1.707034 0.555738
v -2.362521 -1.660509 0.563046
v -2.411380 -1.618145 0.554248
v -2.460585 -1.582827 0.529941
v -2.506783 -1.556964 0.491784
v -2.546828 -1.542316 0.442376
v -2.577989 -1.539883 0.385084
v -2.598143 -1.549830 0.323813
v -2.605916 -1.571480 0.262738
v -2.600779 -1.603356 0.206021
v -2.583081 -1.643287 0.157528
v -2.554030 -1.688552 0.120563
v -2.515604 -1.736066 0.097646
v -2.470423 -1.782590 0.090338
v -2.421565 -1.824954 0.099136
v -2.372360 -1.860272 0.123443
v -2.273808 -1.828410 0.136744
v -2.234120 -1.843451 0.186321
v -2.204005 -1.847038 0.244110
v -2.185516 -1.838925 0.306171
v -2.179911 -1.819667 0.368275
v -2.187573 -1.790575 0.426191
v -2.207981 -1.753632 0.475971
v -2.239742 -1.711355 0.514222
v -2.280693 -1.666626 0.538339
v -2.328043 -1.622493 0.546677
v -2.378565 -1.581963 0.538668
v -2.428816 -1.547799 0.514858
v -2.475372 -1.522329 0.476870
v -2.515059 -1.507288 0.427292
v -2.545174 -1.503701 0.369504
v -2.563664 -1.511814 0.307443
v -2.569269 -1.531072 0.245338
v -2.561606 -1.560164 0.187423
v -2.541199 -1.597107 0.137643
v -2.509438 -1.639384 0.099392
v -2.468487 -1.684113 0.075275
v -2.421137 -1.728246 0.066937
v -2.370615 -1.768776 0.074946
v -2.320364 -1.802940 0.098756
v -2.223613 -1.767409 0.115529
v -2.184267 -1.782865 0.165251
v -2.155155 -1.787671 0.223463
v -2.138261 -1.781497 0.286199
v -2.134736 -1.764765 0.349182
v -2.144819 -1.738616 0.408121
v -2.167825 -1.704830 0.458999
v -2.202184 -1.665711 0.498348
v -2.245556 -1.623925 0.523488
v -2.294986 -1.582318 0.532705
v -2.347103 -1.543728 0.525370
v -2.398357 -1.510782 0.501984
v -2.445255 -1.485728 0.464141
v -2.484601 -1.470271 0.414419
v -2.513712 -1.465466 0.356206
v -2.530607 -1.471639 0.293471
v -2.534132 -1.488371 0.230488
v -2.524049 -1.514521 0.171549
v -2.501043 -1.548306 0.120671
v -2.466684 -1.587425 0.081321
v -2.423311 -1.629211 0.056182
v -2.373882 -1.670818 0.046965
v -2.321765 -1.709409 0.054299
v -2.270511 -1.742354 0.077685
v -2.175790 -1.703390 0.098045
v -2.136770 -1.719283 0.147887
v -2.108614 -1.725368 0.206448
v -2.093239 -1.721229 0.269739
v -2.091695 -1.707149 0.333447
v -2.104085 -1.684087 0.393229
v -2.129566 -1.653615 0.445012
v -2.166401 -1.617810 0.485267
v -2.212080 -1.579112 0.511250
v -2.263490 -1.540157 0.521191
v -2.317128 -1.503601 0.514412
v -2.369338 -1.471935 0.491375
v -2.416561 -1.447317 0.453651
v -2.455581 -1.431424 0.403810
v -2.483737 -1.425339 0.345248
v -2.499112 -1.429478 0.281957
v -2.500656 -1.443558 0.218249
v -2.488266 -1.466620 0.158467
v -2.462785 -1.497092 0.106684
v -2.425950 -1.532897 0.066430
v -2.380271 -1.571595 0.040447
v -2.328861 -1.610550 0.030506
v -2.275223 -1.647106 0.037284
v -2.223014 -1.678772 0.060321
v -2.130545 -1.636632 0.084369
v -2.091834 -1.652980 0.134304
v -2.064581 -1.660398 0.193138
v -2.050645 -1.658381 0.256864
v -2.050974 -1.647066 0.321138
v -2.065547 -1.627225 0.381580
v -2.093370 -1.600209 0.434071
v -2.132548 -1.567859 0.475033
v -2.180409 -1.532381 0.501676
v -2.233693 -1.496192 0.512184
v -2.288769 -1.461757 0.505840
v -2.341882 -1.431425 0.483076
v -2.389414 -1.407261 0.445445
v -2.428126 -1.390913 0.395511
v -2.455378 -1.383495 0.336676
v -2.469314 -1.385512 0.272950
v -2.468985 -1.396827 0.208676
v -2.454412 -1.416669 0.148234
v -2.426589 -1.443685 0.095743
v -2.387412 -1.476034 0.054781
v -2.339550 -1.511512 0.028138
v -2.286266 -1.547702 0.017631
v -2.231191 -1.582136 0.023975
v -2.178077 -1.612468 0.046738
v -2.088072 -1.567418 0.074558
v -2.049650 -1.584237 0.124560
v -2.023246 -1.593038 0.183590
v -2.010660 -1.593221 0.247628
v -2.012748 -1.584773 0.312308
v -2.029370 -1.568271 0.373224
v -2.059392 -1.544837 0.426222
v -2.100768 -1.516071 0.467693
v -2.150678 -1.483931 0.494809
v -2.205721 -1.450609 0.505722
v -2.262146 -1.418374 0.499690
v -2.316109 -1.389425 0.477123
v -2.363930 -1.365733 0.439559
v -2.402352 -1.348913 0.389557
v -2.428756 -1.340112 0.330526
v -2.441342 -1.339929 0.266489
v -2.439254 -1.348377 0.201808
v -2.422632 -1.364880 0.140893
v -2.392610 -1.388313 0.087895
v -2.351234 -1.417080 0.046424
v -2.301324 -1.449220 0.019308
v -2.246281 -1.482542 0.008394
v -2.189855 -1.514776 0.014427
v -2.135893 -1.543726 0.036994
v -2.048552 -1.496044 0.068655
v -2.010399 -1.513350 0.118697
v -1.984785 -1.523578 0.177845
v -1.973454 -1.526029 0.242071
v -1.977180 -1.520537 0.306995
v -1.995708 -1.507477 0.368195
v -2.027775 -1.487739 0.421500
v -2.071197 -1.462667 0.463276
v -2.123013 -1.433970 0.490676
v -2.179694 -1.403604 0.501835
v -2.237375 -1.373638 0.495990
v -2.292127 -1.346115 0.473541
v -2.340218 -1.322909 0.436017
v -2.378371 -1.305603 0.385975
v -2.403985 -1.295376 0.326826
v -2.415315 -1.292925 0.262601
v -2.411589 -1.298416 0.197676
v -2.393061 -1.311476 0.136476
v -2.360994 -1.331215 0.083172
v -2.317573 -1.356287 0.041396
v -2.265756 -1.384984 0.013995
v -2.209076 -1.415350 0.002837
v -2.151394 -1.445316 0.008681
v -2.096642 -1.472839 0.031131
vn 0.6125 -0.2877 -0.7363
vn 0.7637 -0.3587 -0.5367
vn 0.8632 -0.4055 -0.3006
vn 0.9042 -0.4248 -0.0441
vn 0.8838 -0.4152 0.2156
vn 0.8033 -0.3774 0.4607
vn 0.6681 -0.3138 0.6747
vn 0.4872 -0.2289 0.8428
vn 0.2730 -0.1282 0.9534
vn 0.0399 -0.0187 0.9990
vn -0.1960 0.0921 0.9763
vn -0.4185 0.1966 0.8867
vn -0.6125 0.2877 0.7363
vn -0.7644 0.3591 0.5355
vn -0.8640 0.4058 0.2980
vn -0.9044 0.4248 0.0403
vn -0.8829 0.4147 -0.2202
vn -0.8011 0.3763 -0.4654
vn -0.6648 0.3123 -0.6787
vn -0.4832 0.2270 -0.8456
vn -0.2689 0.1263 -0.9549
vn -0.0364 0.0171 -0.9992
vn 0.1984 -0.0932 -0.9757
vn 0.4197 -0.1971 -0.8860
vn 0.6389 -0.2279 -0.7347
vn 0.7893 -0.3010 -0.5351
vn 0.8862 -0.3537 -0.2993
vn 0.9230 -0.3824 -0.0430
vn 0.8971 -0.3851 0.2163
vn 0.8103 -0.3617 0.4611
vn 0.6682 -0.3137 0.6747
vn 0.4804 -0.2442 0.8424
vn 0.2598 -0.1580 0.9527
vn 0.0212 -0.0610 0.9979
vn -0.2189 0.0403 0.9749
vn -0.4441 0.1388 0.8851
vn -0.6389 0.2279 0.7347
vn -0.7900 0.3013 0.5340
vn -0.8869 0.3541 0.2967
vn -0.9231 0.3826 0.0391
vn -0.8961 0.3849 -0.2209
vn -0.8079 0.3610 -0.4658
vn -0.6647 0.3124 -0.6786
vn -0.4763 0.2426 -0.8452
vn -0.2556 0.1563 -0.9541
vn -0.0177 0.0595 -0.9981
vn 0.2213 -0.0413 -0.9743
vn 0.4453 -0.1393 -0.8845
vn 0.6627 -0.1671 -0.7300
vn 0.8123 -0.2422 -0.5306
vn 0.9068 -0.3010 -0.2952
vn 0.9398 -0.3393 -0.0396
vn 0.9091 -0.3546 0.2187
vn 0.8165 -0.3458 0.4624
vn 0.6682 -0.3135 0.6747
vn 0.4743 -0.2598 0.8411
vn 0.2479 -0.1883 0.9503
vn 0.0044 -0.1039 0.9946
vn -0.2395 -0.0123 0.9708
vn -0.4671 0.0801 0.8806
vn -0.6627 0.1671 0.7300
vn -0.8129 0.2426 0.5294
vn -0.9075 0.3015 0.2926
vn -0.9399 0.3397 0.0358
vn -0.9079 0.3547 -0.2233
vn -0.8140 0.3454 -0.4670
vn -0.6646 0.3126 -0.6786
vn -0.4701 0.2585 -0.8439
vn -0.2437 0.1869 -0.9517
vn -0.0008 0.1026 -0.9947
vn 0.2419 0.0113 -0.9702
vn 0.4682 -0.0806 -0.8799
vn 0.6836 -0.1056 -0.7222
vn 0.8325 -0.1828 -0.5230
vn 0.9249 -0.2477 -0.2884
vn 0.9547 -0.2957 -0.0341
vn 0.9196 -0.3237 0.2227
vn 0.8219 -0.3298 0.4644
vn 0.6683 -0.3133 0.6747
vn 0.4690 -0.2755 0.8391
vn 0.2375 -0.2189 0.9464
vn -0.0103 -0.1473 0.9890
vn -0.2576 -0.0655 0.9640
vn -0.4873 0.0207 0.8730
vn -0.6836 0.1056 0.7222
vn -0.8332 0.1832 0.5218
vn -0.9256 0.2483 0.2858
vn -0.9546 0.2963 0.0303
vn -0.9184 0.3241 -0.2272
vn -0.8194 0.3297 -0.4690
vn -0.6646 0.3128 -0.6786
vn -0.4646 0.2746 -0.8419
vn -0.2332 0.2177 -0.9477
vn 0.0140 0.1461 -0.9892
vn 0.2601 0.0646 -0.9634
vn 0.4884 -0.0212 -0.8723
vn 0.7016 -0.0436 -0.7112
vn 0.8499 -0.1230 -0.5124
vn 0.9405 -0.1940 -0.2789
vn 0.9674 -0.2518 -0.0263
vn 0.9286 -0.2926 0.2282
vn 0.8266 -0.3136 0.4673
vn 0.6683 -0.3132 0.6747
vn 0.4644 -0.2914 0.8363
vn 0.2286 -0.2498 0.9409
vn -0.0230 -0.1910 0.9813
vn -0.2731 -0.1191 0.9546
vn -0.5046 -0.0391 0.8624
vn -0.7016 0.0436 0.7112
vn -0.8505 0.1234 0.5113
vn -0.9411 0.1946 0.2763
vn -0.9673 0.2526 0.0225
vn -0.9273 0.2932 -0.2326
vn -0.8240 0.3138 -0.4718
vn -0.6645 0.3129 -0.6786
vn -0.4599 0.2908 -0.8390
vn -0.2241 0.2488 -0.9423
vn 0.0267 0.1900 -0.9814
vn 0.2757 0.1183 -0.9539
vn 0.5058 0.0387 -0.8618
vn 0.7166 0.0185 -0.6972
vn 0.8644 -0.0629 -0.4989
vn 0.9535 -0.1401 -0.2668
vn 0.9780 -0.2078 -0.0164
vn 0.9361 -0.2614 0.2352
vn 0.8306 -0.2973 0.4709
vn 0.6684 -0.3130 0.6748
vn 0.4605 -0.3073 0.8327
vn 0.2211 -0.2807 0.9340
vn -0.0336 -0.2349 0.9714
vn -0.2861 -0.1729 0.9425
vn -0.5191 -0.0991 0.8489
vn -0.7166 -0.0185 0.6972
vn -0.8650 0.0634 0.4977
vn -0.9541 0.1409 0.2642
vn -0.9779 0.2087 0.0127
vn -0.9348 0.2623 -0.2396
vn -0.8278 0.2978 -0.4754
vn -0.6645 0.3131 -0.6785
vn -0.4560 0.3070 -0.8354
vn -0.2166 0.2800 -0.9352
vn 0.0374 0.2341 -0.9715
vn 0.2887 0.1722 -0.9418
vn 0.5203 0.0987 -0.8483
vn 0.7285 0.0806 -0.6803
vn 0.8759 -0.0030 -0.4825
vn 0.9639 -0.0863 -0.2520
vn 0.9865 -0.1638 -0.0044
vn 0.9421 -0.2303 0.2437
vn 0.8337 -0.2811 0.4754
vn 0.6684 -0.3128 0.6748
vn 0.4575 -0.3232 0.8284
vn 0.2152 -0.3116 0.9255
vn -0.0420 -0.2787 0.9595
vn -0.2964 -0.2266 0.9278
vn -0.5306 -0.1591 0.8325
vn -0.7285 -0.0806 0.6803
vn -0.8765 0.0034 0.4814
vn -0.9644 0.0872 0.2495
vn -0.9863 0.1649 0.0007
vn -0.9407 0.2313 -0.2481
vn -0.8309 0.2819 -0.4797
vn -0.6645 0.3133 -0.6785
vn -0.4529 0.3232 -0.8309
vn -0.2106 0.3112 -0.9267
vn 0.0458 0.2780 -0.9595
vn 0.2990 0.2260 -0.9271
vn 0.5318 0.1587 -0.8319
vn 0.7373 0.1423 -0.6604
vn 0.8844 0.0567 -0.4633
vn 0.9715 -0.0328 -0.2348
vn 0.9927 -0.1201 0.0097
vn 0.9465 -0.1993 0.2537
vn 0.8360 -0.2650 0.4806
vn 0.6684 -0.3127 0.6749
vn 0.4552 -0.3391 0.8233
vn 0.2108 -0.3423 0.9156
vn -0.0482 -0.3222 0.9454
vn -0.3040 -0.2800 0.9106
vn -0.5391 -0.2187 0.8133
vn -0.7373 -0.1423 0.6604
vn -0.8850 -0.0562 0.4622
vn -0.9721 0.0338 0.2323
vn -0.9925 0.1214 -0.0133
vn -0.9451 0.2006 -0.2580
vn -0.8331 0.2661 -0.4848
vn -0.6644 0.3134 -0.6784
vn -0.4506 0.3394 -0.8257
vn -0.2062 0.3422 -0.9167
vn 0.0520 0.3217 -0.9454
vn 0.3066 0.2795 -0.9099
vn 0.5403 0.2183 -0.8127
vn 0.7430 0.2034 -0.6377
vn 0.8898 0.1157 -0.4414
vn 0.9764 0.0201 -0.2151
vn 0.9967 -0.0768 0.0258
vn 0.9494 -0.1686 0.2651
vn 0.8375 -0.2490 0.4865
vn 0.6685 -0.3125 0.6749
vn 0.4538 -0.3547 0.8175
vn 0.2080 -0.3728 0.9043
vn -0.0522 -0.3653 0.9294
vn -0.3089 -0.3329 0.8909
vn -0.5446 -0.2777 0.7914
vn -0.7430 -0.2034 0.6377
vn -0.8905 -0.1152 0.4402
vn -0.9769 -0.0191 0.2127
vn -0.9965 0.0782 -0.0294
vn -0.9479 0.1702 -0.2693
vn -0.8346 0.2505 -0.4906
vn -0.6644 0.3136 -0.6784
vn -0.4491 0.3553 -0.8198
vn -0.2034 0.3729 -0.9053
vn 0.0560 0.3650 -0.9293
vn 0.3115 0.3325 -0.8902
vn 0.5458 0.2773 -0.7907
vn 0.7454 0.2637 -0.6122
vn 0.8922 0.1739 -0.4168
vn 0.9785 0.0723 -0.1931
vn 0.9985 -0.0341 0.0438
vn 0.9506 -0.1384 0.2779
vn 0.8381 -0.2333 0.4931
vn 0.6685 -0.3123 0.6750
vn 0.4531 -0.3702 0.8110
vn 0.2067 -0.4028 0.8917
vn -0.0539 -0.4079 0.9115
vn -0.3111 -0.3850 0.8689
vn -0.5470 -0.3359 0.7668
vn -0.7454 -0.2637 0.6122
vn -0.8928 -0.1734 0.4156
vn -0.9791 -0.0713 0.1906
vn -0.9982 0.0357 -0.0473
vn -0.9491 0.1402 -0.2819
vn -0.8352 0.2350 -0.4972
vn -0.6644 0.3138 -0.6783
vn -0.4485 0.3711 -0.8131
vn -0.2021 0.4031 -0.8926
vn 0.0578 0.4077 -0.9113
vn 0.3136 0.3847 -0.8681
vn 0.5481 0.3355 -0.7661
vn 0.7447 0.3228 -0.5841
vn 0.8915 0.2310 -0.3897
vn 0.9779 0.1236 -0.1687
vn 0.9979 0.0077 0.0637
vn 0.9502 -0.1087 0.2919
vn 0.8379 -0.2178 0.5005
vn 0.6685 -0.3122 0.6751
vn 0.4533 -0.3853 0.8038
vn 0.2071 -0.4322 0.8777
vn -0.0534 -0.4496 0.8916
vn -0.3104 -0.4362 0.8446
vn -0.5463 -0.3929 0.7397
vn -0.7447 -0.3228 0.5841
vn -0.8921 -0.2305 0.3885
vn -0.9784 -0.1224 0.1664
vn -0.9977 -0.0060 -0.0671
vn -0.9488 0.1108 -0.2959
vn -0.8350 0.2199 -0.5044
vn -0.6644 0.3139 -0.6782
vn -0.4486 0.3865 -0.8058
vn -0.2025 0.4328 -0.8785
vn 0.0573 0.4496 -0.8914
vn 0.3130 0.4359 -0.8438
vn 0.5474 0.3926 -0.7390
vn 0.7408 0.3805 -0.5536
vn 0.8877 0.2868 -0.3601
vn 0.9745 0.1736 -0.1423
vn 0.9952 0.0486 0.0854
vn 0.9483 -0.0797 0.3073
vn 0.8369 -0.2027 0.5085
vn 0.6684 -0.3120 0.6751
vn 0.4543 -0.4001 0.7959
vn 0.2091 -0.4609 0.8625
vn -0.0507 -0.4903 0.8701
vn -0.3070 -0.4861 0.8182
vn -0.5425 -0.4487 0.7102
vn -0.7408 -0.3805 0.5536
vn -0.8884 -0.2862 0.3590
vn -0.9750 -0.1724 0.1399
vn -0.9950 -0.0467 -0.0887
vn -0.9468 0.0820 -0.3111
vn -0.8340 0.2051 -0.5122
vn -0.6644 0.3141 -0.6782
vn -0.4497 0.4016 -0.7978
vn -0.2045 0.4618 -0.8631
vn 0.0545 0.4905 -0.8697
vn 0.3096 0.4859 -0.8173
vn 0.5437 0.4484 -0.7095
vn 0.7337 0.4366 -0.5206
vn 0.8809 0.3410 -0.3283
vn 0.9683 0.2222 -0.1137
vn 0.9901 0.0884 0.1087
vn 0.9447 -0.0516 0.3238
vn 0.8350 -0.1881 0.5171
vn 0.6684 -0.3119 0.6752
vn 0.4561 -0.4145 0.7875
vn 0.2126 -0.4889 0.8461
vn -0.0457 -0.5299 0.8468
vn -0.3009 -0.5347 0.7897
vn -0.5356 -0.5029 0.6784
vn -0.7337 -0.4366 0.5206
vn -0.8815 -0.3404 0.3272
vn -0.9689 -0.2209 0.1114
vn -0.9900 -0.0863 -0.1119
vn -0.9433 0.0541 -0.3275
vn -0.8322 0.1907 -0.5206
vn -0.6644 0.3142 -0.6781
vn -0.4515 0.4163 -0.7892
vn -0.2080 0.4899 -0.8466
vn 0.0495 0.5302 -0.8464
vn 0.3035 0.5345 -0.7888
vn 0.5368 0.5026 -0.6777
vn 0.7235 0.4908 -0.4855
vn 0.8710 0.3934 -0.2943
vn 0.9595 0.2692 -0.0832
vn 0.9829 0.1268 0.1336
vn 0.9396 -0.0243 0.3415
vn 0.8324 -0.1739 0.5263
vn 0.6684 -0.3117 0.6753
vn 0.4588 -0.4284 0.7785
vn 0.2177 -0.5159 0.8285
vn -0.0384 -0.5682 0.8220
vn -0.2920 -0.5816 0.7592
vn -0.5257 -0.5552 0.6444
vn -0.7235 -0.4908 0.4855
vn -0.8716 -0.3928 0.2933
vn -0.9601 -0.2678 0.0810
vn -0.9827 -0.1246 -0.1368
vn -0.9382 0.0271 -0.3451
vn -0.8296 0.1768 -0.5296
vn -0.6645 0.3144 -0.6780
vn -0.4542 0.4304 -0.7800
vn -0.2132 0.5171 -0.8289
vn 0.0422 0.5687 -0.8215
vn 0.2946 0.5815 -0.7583
vn 0.5269 0.5550 -0.6437
vn 0.7101 0.5429 -0.4482
vn 0.8581 0.4437 -0.2584
vn 0.9479 0.3144 -0.0509
vn 0.9734 0.1637 0.1600
vn 0.9329 0.0018 0.3602
vn 0.8289 -0.1603 0.5360
vn 0.6684 -0.3116 0.6754
vn 0.4622 -0.4417 0.7689
vn 0.2243 -0.5418 0.8100
vn -0.0290 -0.6050 0.7957
vn -0.2805 -0.6267 0.7270
vn -0.5129 -0.6056 0.6085
vn -0.7101 -0.5429 0.4482
vn -0.8588 -0.4431 0.2573
vn -0.9485 -0.3129 0.0487
vn -0.9733 -0.1614 -0.1631
vn -0.9316 0.0011 -0.3636
vn -0.8262 0.1634 -0.5392
vn -0.6645 0.3145 -0.6779
vn -0.4577 0.4441 -0.7703
vn -0.2199 0.5433 -0.8102
vn 0.0328 0.6056 -0.7951
vn 0.2830 0.6267 -0.7260
vn 0.5140 0.6054 -0.6077
vn 0.6938 0.5927 -0.4091
vn 0.8423 0.4918 -0.2205
vn 0.9337 0.3576 -0.0170
vn 0.9618 0.1990 0.1877
vn 0.9247 0.0268 0.3798
vn 0.8246 -0.1473 0.5462
vn 0.6683 -0.3114 0.6755
vn 0.4664 -0.4545 0.7589
vn 0.2325 -0.5666 0.7905
vn -0.0175 -0.6401 0.7681
vn -0.2663 -0.6698 0.6931
vn -0.4971 -0.6537 0.5706
vn -0.6938 -0.5927 0.4091
vn -0.8429 -0.4912 0.2195
vn -0.9344 -0.3560 0.0149
vn -0.9618 -0.1965 -0.1907
vn -0.9234 -0.0237 -0.3831
vn -0.8220 0.1507 -0.5492
vn -0.6646 0.3147 -0.6778
vn -0.4620 0.4571 -0.7600
vn -0.2281 0.5683 -0.7906
vn 0.0212 0.6409 -0.7674
vn 0.2689 0.6699 -0.6921
vn 0.4982 0.6535 -0.5699
vn 0.6744 0.6400 -0.3681
vn 0.8236 0.5375 -0.1810
vn 0.9170 0.3985 0.0185
vn 0.9481 0.2325 0.2167
vn 0.9150 0.0506 0.4004
vn 0.8195 -0.1349 0.5569
vn 0.6683 -0.3113 0.6757
vn 0.4713 -0.4666 0.7484
vn 0.2421 -0.5902 0.7701
vn -0.0038 -0.6735 0.7392
vn -0.2496 -0.7107 0.6577
vn -0.4784 -0.6993 0.5311
vn -0.6744 -0.6400 0.3681
vn -0.8243 -0.5368 0.1799
vn -0.9176 -0.3969 -0.0205
vn -0.9481 -0.2299 -0.2196
vn -0.9138 -0.0472 -0.4035
vn -0.8170 0.1386 -0.5597
vn -0.6646 0.3148 -0.6777
vn -0.4670 0.4694 -0.7494
vn -0.2378 0.5920 -0.7700
vn 0.0075 0.6744 -0.7384
vn 0.2521 0.7109 -0.6566
vn 0.4795 0.6991 -0.5303
vn 0.6522 0.6845 -0.3257
vn 0.8021 0.5805 -0.1399
vn 0.8977 0.4371 0.0553
vn 0.9324 0.2640 0.2468
vn 0.9038 0.0729 0.4217
vn 0.8137 -0.1233 0.5680
vn 0.6682 -0.3112 0.6758
vn 0.4770 -0.4780 0.7375
vn 0.2532 -0.6123 0.7490
vn 0.0119 -0.7049 0.7092
vn -0.2304 -0.7492 0.6209
vn -0.4569 -0.7423 0.4901
vn -0.6522 -0.6845 0.3257
vn -0.8028 -0.5798 0.1389
vn -0.8984 -0.4355 -0.0573
vn -0.9324 -0.2613 -0.2496
vn -0.9027 -0.0694 -0.4246
vn -0.8113 0.1272 -0.5706
vn -0.6647 0.3149 -0.6775
vn -0.4728 0.4811 -0.7382
vn -0.2489 0.6144 -0.7487
vn -0.0083 0.7059 -0.7083
vn 0.2328 0.7494 -0.6198
vn 0.4581 0.7421 -0.4893
vn 0.6272 0.7261 -0.2818
vn 0.7780 0.6207 -0.0975
vn 0.8760 0.4732 0.0933
vn 0.9147 0.2935 0.2779
vn 0.8912 0.0938 0.4437
vn 0.8072 -0.1124 0.5795
vn 0.6681 -0.3111 0.6759
vn 0.4834 -0.4887 0.7263
vn 0.2656 -0.6331 0.7271
vn 0.0295 -0.7342 0.6782
vn -0.2087 -0.7852 0.5830
vn -0.4327 -0.7825 0.4477
vn -0.6272 -0.7261 0.2818
vn -0.7786 -0.6200 0.0965
vn -0.8767 -0.4715 -0.0953
vn -0.9148 -0.2907 -0.2805
vn -0.8902 -0.0901 -0.4465
vn -0.8049 0.1165 -0.5818
vn -0.6647 0.3150 -0.6774
vn -0.4794 0.4919 -0.7268
vn -0.2615 0.6353 -0.7267
vn -0.0260 0.7354 -0.6772
vn 0.2111 0.7855 -0.5817
vn 0.4339 0.7823 -0.4469
vn 0.5995 0.7646 -0.2367
vn 0.7512 0.6579 -0.0540
vn 0.8520 0.5065 0.1324
vn 0.8950 0.3208 0.3099
vn 0.8773 0.1131 0.4664
vn 0.7999 -0.1023 0.5913
vn 0.6681 -0.3110 0.6760
vn 0.4905 -0.4985 0.7147
vn 0.2794 -0.6522 0.7047
vn 0.0491 -0.7614 0.6464
vn -0.1847 -0.8185 0.5439
vn -0.4060 -0.8197 0.4042
vn -0.5995 -0.7646 0.2367
vn -0.7519 -0.6572 0.0530
vn -0.8527 -0.5048 -0.1343
vn -0.8952 -0.3178 -0.3124
vn -0.8764 -0.1093 -0.4689
vn -0.7978 0.1066 -0.5934
vn -0.6648 0.3151 -0.6773
vn -0.4866 0.5020 -0.7150
vn -0.2754 0.6546 -0.7040
vn -0.0456 0.7626 -0.6452
vn 0.1871 0.8188 -0.5427
vn 0.4071 0.8195 -0.4033
vn 0.5692 0.7998 -0.1906
vn 0.7219 0.6919 -0.0094
vn 0.8258 0.5370 0.1724
vn 0.8736 0.3457 0.3425
vn 0.8621 0.1308 0.4895
vn 0.7920 -0.0931 0.6033
vn 0.6680 -0.3109 0.6761
vn 0.4983 -0.5076 0.7029
vn 0.2945 -0.6697 0.6817
vn 0.0704 -0.7862 0.6139
vn -0.1585 -0.8490 0.5040
vn -0.3768 -0.8537 0.3596
vn -0.5692 -0.7998 0.1906
vn -0.7226 -0.6912 0.0084
vn -0.8266 -0.5352 -0.1742
vn -0.8739 -0.3427 -0.3449
vn -0.8614 -0.1268 -0.4919
vn -0.7901 0.0976 -0.6052
vn -0.6649 0.3152 -0.6772
vn -0.4945 0.5112 -0.7029
vn -0.2906 0.6723 -0.6809
vn -0.0671 0.7876 -0.6126
vn 0.1609 0.8494 -0.5027
vn 0.3779 0.8535 -0.3588
vn 0.5365 0.8316 -0.1436
vn 0.6903 0.7226 0.0359
vn 0.7974 0.5646 0.2130
vn 0.8504 0.3682 0.3758
vn 0.8457 0.1468 0.5131
vn 0.7835 -0.0848 0.6156
vn 0.6679 -0.3108 0.6763
vn 0.5067 -0.5157 0.6909
vn 0.3108 -0.6856 0.6583
vn 0.0935 -0.8087 0.5808
vn -0.1302 -0.8765 0.4634
vn -0.3452 -0.8843 0.3143
vn -0.5365 -0.8316 0.1436
vn -0.6910 -0.7219 -0.0369
vn -0.7982 -0.5627 -0.2148
vn -0.8508 -0.3651 -0.3780
vn -0.8451 -0.1426 -0.5153
vn -0.7817 0.0895 -0.6172
vn -0.6650 0.3153 -0.6770
vn -0.5031 0.5195 -0.6907
vn -0.3070 0.6882 -0.6573
vn -0.0903 0.8101 -0.5793
vn 0.1325 0.8769 -0.4620
vn 0.3463 0.8842 -0.3134
vn 0.5015 0.8598 -0.0961
vn 0.6565 0.7499 0.0818
vn 0.7671 0.5891 0.2542
vn 0.8256 0.3882 0.4095
vn 0.8281 0.1609 0.5370
vn 0.7743 -0.0775 0.6280
vn 0.6678 -0.3107 0.6764
vn 0.5157 -0.5229 0.6787
vn 0.3282 -0.6996 0.6347
vn 0.1182 -0.8286 0.5472
vn -0.0999 -0.9009 0.4223
vn -0.3113 -0.9116 0.2684
vn -0.5015 -0.8598 0.0961
vn -0.6572 -0.7491 -0.0828
vn -0.7679 -0.5871 -0.2560
vn -0.8261 -0.3850 -0.4116
vn -0.8276 -0.1567 -0.5389
vn -0.7727 0.0822 -0.6294
vn -0.6651 0.3154 -0.6769
vn -0.5122 0.5269 -0.6783
vn -0.3246 0.7024 -0.6335
vn -0.1151 0.8301 -0.5456
vn 0.1022 0.9014 -0.4208
vn 0.3124 0.9115 -0.2675
vn 0.4643 0.8844 -0.0482
vn 0.6206 0.7736 0.1281
vn 0.7349 0.6103 0.2958
vn 0.7993 0.4056 0.4434
vn 0.8095 0.1732 0.5610
vn 0.7646 -0.0710 0.6406
vn 0.6677 -0.3106 0.6765
vn 0.5252 -0.5292 0.6664
vn 0.3467 -0.7119 0.6108
vn 0.1445 -0.8459 0.5134
vn -0.0678 -0.9222 0.3808
vn -0.2755 -0.9353 0.2221
vn -0.4643 -0.8844 0.0482
vn -0.6213 -0.7728 -0.1291
vn -0.7358 -0.6084 -0.2975
vn -0.7998 -0.4023 -0.4454
vn -0.8091 -0.1689 -0.5628
vn -0.7632 0.0759 -0.6417
vn -0.6652 0.3154 -0.6768
vn -0.5219 0.5333 -0.6657
vn -0.3433 0.7147 -0.6094
vn -0.1414 0.8475 -0.5117
vn 0.0700 0.9226 -0.3793
vn 0.2765 0.9352 -0.2212
vn 0.4252 0.9051 -0.0000
vn 0.5828 0.7936 0.1747
vn 0.7009 0.6283 0.3375
vn 0.7716 0.4203 0.4776
vn 0.7898 0.1837 0.5852
vn 0.7544 -0.0656 0.6531
vn 0.6676 -0.3106 0.6767
vn 0.5352 -0.5346 0.6541
vn 0.3662 -0.7222 0.5868
vn 0.1721 -0.8606 0.4794
vn -0.0339 -0.9401 0.3391
vn -0.2377 -0.9553 0.1756
vn -0.4252 -0.9051 -0.0000
vn -0.5835 -0.7929 -0.1756
vn -0.7019 -0.6263 -0.3391
vn -0.7722 -0.4170 -0.4794
vn -0.7896 -0.1792 -0.5868
vn -0.7531 0.0706 -0.6541
vn -0.6653 0.3155 -0.6767
vn -0.5322 0.5387 -0.6531
vn -0.3629 0.7251 -0.5852
vn -0.1691 0.8622 -0.4776
vn 0.0361 0.9406 -0.3375
vn 0.2387 0.9553 -0.1747
vn 0.3842 0.9220 0.0482
vn 0.5432 0.8099 0.2212
vn 0.6654 0.6429 0.3793
vn 0.7425 0.4323 0.5117
vn 0.7692 0.1921 0.6094
vn 0.7437 -0.0612 0.6657
vn 0.6675 -0.3105 0.6768
vn 0.5457 -0.5389 0.6417
vn 0.3866 -0.7306 0.5628
vn 0.2010 -0.8725 0.4454
vn 0.0015 -0.9547 0.2975
vn -0.1981 -0.9716 0.1291
vn -0.3842 -0.9220 -0.0482
vn -0.5440 -0.8092 -0.2221
vn -0.6665 -0.6409 -0.3808
vn -0.7433 -0.4289 -0.5134
vn -0.7692 -0.1876 -0.6108
vn -0.7426 0.0663 -0.6664
vn -0.6654 0.3156 -0.6765
vn -0.5429 0.5431 -0.6406
vn -0.3835 0.7336 -0.5610
vn -0.1982 0.8741 -0.4434
vn 0.0005 0.9553 -0.2958
vn 0.1991 0.9716 -0.1281
vn 0.3416 0.9349 0.0961
vn 0.5020 0.8224 0.2675
vn 0.6285 0.6541 0.4208
vn 0.7123 0.4414 0.5456
vn 0.7479 0.1986 0.6335
vn 0.7325 -0.0578 0.6783
vn 0.6674 -0.3105 0.6769
vn 0.5566 -0.5422 0.6294
vn 0.4078 -0.7370 0.5389
vn 0.2311 -0.8816 0.4116
vn 0.0384 -0.9659 0.2560
vn -0.1569 -0.9841 0.0828
vn -0.3416 -0.9349 -0.0961
vn -0.5028 -0.8217 -0.2684
vn -0.6296 -0.6521 -0.4223
vn -0.7132 -0.4380 -0.5472
vn -0.7480 -0.1941 -0.6347
vn -0.7317 0.0630 -0.6787
vn -0.6655 0.3156 -0.6764
vn -0.5540 0.5465 -0.6280
vn -0.4049 0.7401 -0.5370
vn -0.2283 0.8833 -0.4095
vn -0.0364 0.9665 -0.2542
vn 0.1580 0.9840 -0.0818
vn 0.2975 0.9439 0.1436
vn 0.4595 0.8310 0.3134
vn 0.5903 0.6619 0.4620
vn 0.6811 0.4477 0.5793
vn 0.7257 0.2031 0.6573
vn 0.7210 -0.0555 0.6907
vn 0.6672 -0.3105 0.6770
vn 0.5679 -0.5445 0.6172
vn 0.4298 -0.7415 0.5153
vn 0.2622 -0.8879 0.3780
vn 0.0766 -0.9736 0.2148
vn -0.1144 -0.9928 0.0369
vn -0.2975 -0.9439 -0.1436
vn -0.4603 -0.8303 -0.3143
vn -0.5915 -0.6599 -0.4634
vn -0.6821 -0.4443 -0.5808
vn -0.7261 -0.1985 -0.6583
vn -0.7204 0.0607 -0.6909
vn -0.6656 0.3156 -0.6763
vn -0.5655 0.5488 -0.6156
vn -0.4270 0.7446 -0.5131
vn -0.2596 0.8896 -0.3758
vn -0.0746 0.9742 -0.2130
vn 0.1154 0.9927 -0.0359
vn 0.2522 0.9487 0.1906
vn 0.4157 0.8358 0.3588
vn 0.5510 0.6661 0.5027
vn 0.6490 0.4512 0.6126
vn 0.7030 0.2056 0.6809
vn 0.7092 -0.0542 0.7029
vn 0.6671 -0.3105 0.6772
vn 0.5796 -0.5457 0.6052
vn 0.4524 -0.7439 0.4919
vn 0.2942 -0.8913 0.3449
vn 0.1158 -0.9779 0.1742
vn -0.0706 -0.9975 -0.0084
vn -0.2522 -0.9487 -0.1906
vn -0.4165 -0.8350 -0.3596
vn -0.5522 -0.6641 -0.5040
vn -0.6501 -0.4478 -0.6139
vn -0.7035 -0.2010 -0.6817
vn -0.7088 0.0595 -0.7029
vn -0.6657 0.3156 -0.6761
vn -0.5774 0.5501 -0.6033
vn -0.4498 0.7470 -0.4895
vn -0.2917 0.8931 -0.3425
vn -0.1139 0.9784 -0.1724
vn 0.0716 0.9974 0.0094
vn 0.2057 0.9496 0.2367
vn 0.3708 0.8366 0.4033
vn 0.5107 0.6668 0.5427
vn 0.6161 0.4518 0.6452
vn 0.6797 0.2060 0.7040
vn 0.6970 -0.0540 0.7150
vn 0.6670 -0.3105 0.6773
vn 0.5915 -0.5459 0.5934
vn 0.4755 -0.7443 0.4689
vn 0.3270 -0.8919 0.3124
vn 0.1560 -0.9786 0.1343
vn -0.0257 -0.9983 -0.0530
vn -0.2057 -0.9496 -0.2367
vn -0.3716 -0.8358 -0.4042
vn -0.5120 -0.6648 -0.5439
vn -0.6173 -0.4484 -0.6464
vn -0.6804 -0.2014 -0.7047
vn -0.6969 0.0592 -0.7147
vn -0.6659 0.3156 -0.6760
vn -0.5895 0.5503 -0.5913
vn -0.4731 0.7474 -0.4664
vn -0.3246 0.8937 -0.3099
vn -0.1541 0.9791 -0.1324
vn 0.0267 0.9982 0.0540
vn 0.1584 0.9463 0.2818
vn 0.3251 0.8334 0.4469
vn 0.4697 0.6640 0.5817
vn 0.5826 0.4495 0.6772
vn 0.6559 0.2043 0.7267
vn 0.6847 -0.0548 0.7268
vn 0.6669 -0.3105 0.6774
vn 0.6036 -0.5451 0.5818
vn 0.4990 -0.7427 0.4465
vn 0.3603 -0.8896 0.2805
vn 0.1969 -0.9758 0.0953
vn 0.0199 -0.9951 -0.0965
vn -0.1584 -0.9463 -0.2818
vn -0.3259 -0.8327 -0.4477
vn -0.4711 -0.6620 -0.5830
vn -0.5840 -0.4461 -0.6782
vn -0.6568 -0.1997 -0.7271
vn -0.6848 0.0601 -0.7263
vn -0.6660 0.3156 -0.6759
vn -0.6019 0.5495 -0.5795
vn -0.4968 0.7458 -0.4437
vn -0.3581 0.8914 -0.2779
vn -0.1951 0.9763 -0.0933
vn -0.0190 0.9950 0.0975
vn 0.1104 0.9390 0.3257
vn 0.2787 0.8264 0.4893
vn 0.4282 0.6577 0.6198
vn 0.5486 0.4443 0.7083
vn 0.6318 0.2007 0.7487
vn 0.6721 -0.0568 0.7382
vn 0.6667 -0.3105 0.6775
vn 0.6159 -0.5432 0.5706
vn 0.5229 -0.7391 0.4246
vn 0.3942 -0.8845 0.2496
vn 0.2384 -0.9695 0.0573
vn 0.0663 -0.9881 -0.1389
vn -0.1104 -0.9390 -0.3257
vn -0.2796 -0.8256 -0.4901
vn -0.4296 -0.6557 -0.6209
vn -0.5501 -0.4409 -0.7092
vn -0.6329 -0.1961 -0.7490
vn -0.6725 0.0619 -0.7375
vn -0.6661 0.3156 -0.6758
vn -0.6144 0.5476 -0.5680
vn -0.5209 0.7422 -0.4217
vn -0.3921 0.8862 -0.2468
vn -0.2367 0.9700 -0.0553
vn -0.0653 0.9880 0.1399
vn 0.0620 0.9277 0.3681
vn 0.2319 0.8154 0.5303
vn 0.3862 0.6479 0.6566
vn 0.5142 0.4363 0.7384
vn 0.6075 0.1950 0.7700
vn 0.6595 -0.0597 0.7494
vn 0.6666 -0.3105 0.6777
vn 0.6283 -0.5403 0.5597
vn 0.5471 -0.7334 0.4035
vn 0.4284 -0.8765 0.2196
vn 0.2804 -0.9597 0.0205
vn 0.1131 -0.9772 -0.1799
vn -0.0620 -0.9277 -0.3682
vn -0.2328 -0.8147 -0.5311
vn -0.3876 -0.6459 -0.6577
vn -0.5159 -0.4329 -0.7392
vn -0.6088 -0.1905 -0.7701
vn -0.6601 0.0648 -0.7484
vn -0.6663 0.3156 -0.6757
vn -0.6271 0.5446 -0.5569
vn -0.5453 0.7365 -0.4004
vn -0.4264 0.8782 -0.2167
vn -0.2787 0.9602 -0.0185
vn -0.1122 0.9771 0.1810
vn 0.0133 0.9124 0.4091
vn 0.1848 0.8007 0.5699
vn 0.3439 0.6346 0.6921
vn 0.4797 0.4255 0.7674
vn 0.5830 0.1873 0.7906
vn 0.6467 -0.0637 0.7600
vn 0.6665 -0.3106 0.6778
vn 0.6408 -0.5364 0.5492
vn 0.5713 -0.7258 0.3831
vn 0.4628 -0.8657 0.1907
vn 0.3225 -0.9464 -0.0149
vn 0.1601 -0.9624 -0.2195
vn -0.0133 -0.9124 -0.4091
vn -0.1857 -0.7999 -0.5706
vn -0.3455 -0.6327 -0.6931
vn -0.4815 -0.4221 -0.7681
vn -0.5845 -0.1829 -0.7905
vn -0.6476 0.0688 -0.7589
vn -0.6664 0.3155 -0.6755
vn -0.6398 0.5406 -0.5462
vn -0.5697 0.7288 -0.3798
vn -0.4610 0.8673 -0.1877
vn -0.3210 0.9469 0.0170
vn -0.1592 0.9623 0.2205
vn -0.0355 0.8932 0.4482
vn 0.1377 0.7821 0.6077
vn 0.3016 0.6180 0.7260
vn 0.4452 0.4119 0.7951
vn 0.5585 0.1777 0.8102
vn 0.6340 -0.0687 0.7703
vn 0.6663 -0.3106 0.6779
vn 0.6533 -0.5315 0.5392
vn 0.5956 -0.7163 0.3636
vn 0.4972 -0.8522 0.1631
vn 0.3648 -0.9298 -0.0487
vn 0.2073 -0.9438 -0.2573
vn 0.0355 -0.8932 -0.4482
vn -0.1386 -0.7814 -0.6085
vn -0.3033 -0.6160 -0.7270
vn -0.4471 -0.4086 -0.7957
vn -0.5602 -0.1733 -0.8100
vn -0.6351 0.0737 -0.7689
vn -0.6665 0.3155 -0.6754
vn -0.6526 0.5356 -0.5360
vn -0.5942 0.7192 -0.3602
vn -0.4955 0.8537 -0.1600
vn -0.3632 0.9303 0.0509
vn -0.2064 0.9437 0.2584
vn -0.0842 0.8702 0.4855
vn 0.0907 0.7599 0.6437
vn 0.2595 0.5980 0.7583
vn 0.4107 0.3956 0.8215
vn 0.5341 0.1661 0.8289
vn 0.6213 -0.0747 0.7800
vn 0.6662 -0.3107 0.6780
vn 0.6657 -0.5256 0.5296
vn 0.6198 -0.7048 0.3450
vn 0.5315 -0.8359 0.1368
vn 0.4068 -0.9099 -0.0810
vn 0.2542 -0.9216 -0.2933
vn 0.0842 -0.8702 -0.4855
vn -0.0917 -0.7591 -0.6444
vn -0.2612 -0.5961 -0.7592
vn -0.4128 -0.3923 -0.8220
vn -0.5360 -0.1618 -0.8285
vn -0.6226 0.0796 -0.7785
vn -0.6667 0.3154 -0.6753
vn -0.6653 0.5296 -0.5263
vn -0.6186 0.7076 -0.3415
vn -0.5300 0.8374 -0.1336
vn -0.4054 0.9104 0.0832
vn -0.2533 0.9215 0.2943
vn -0.1324 0.8434 0.5206
vn 0.0441 0.7340 0.6777
vn 0.2177 0.5749 0.7888
vn 0.3765 0.3766 0.8464
vn 0.5099 0.1527 0.8466
vn 0.6087 -0.0817 0.7892
vn 0.6661 -0.3108 0.6781
vn 0.6781 -0.5188 0.5206
vn 0.6439 -0.6915 0.3275
vn 0.5656 -0.8170 0.1119
vn 0.4486 -0.8868 -0.1114
vn 0.3008 -0.8958 -0.3272
vn 0.1324 -0.8434 -0.5206
vn -0.0450 -0.7333 -0.6784
vn -0.2194 -0.5730 -0.7897
vn -0.3787 -0.3735 -0.8468
vn -0.5120 -0.1485 -0.8461
vn -0.6102 0.0864 -0.7875
vn -0.6668 0.3153 -0.6752
vn -0.6779 0.5226 -0.5171
vn -0.6429 0.6942 -0.3238
vn -0.5642 0.8185 -0.1087
vn -0.4472 0.8872 0.1137
vn -0.3000 0.8957 0.3283
vn -0.1801 0.8131 0.5536
vn -0.0020 0.7047 0.7095
vn 0.1763 0.5485 0.8173
vn 0.3427 0.3551 0.8697
vn 0.4859 0.1375 0.8631
vn 0.5962 -0.0897 0.7978
vn 0.6659 -0.3108 0.6782
vn 0.6903 -0.5110 0.5122
vn 0.6676 -0.6764 0.3111
vn 0.5993 -0.7956 0.0887
vn 0.4899 -0.8605 -0.1399
vn 0.3469 -0.8665 -0.3590
vn 0.1801 -0.8131 -0.5536
vn 0.0010 -0.7040 -0.7102
vn -0.1781 -0.5467 -0.8182
vn -0.3450 -0.3520 -0.8701
vn -0.4882 -0.1334 -0.8625
vn -0.5980 0.0942 -0.7959
vn -0.6669 0.3153 -0.6751
vn -0.6904 0.5147 -0.5085
vn -0.6668 0.6789 -0.3073
vn -0.5980 0.7970 -0.0854
vn -0.4886 0.8609 0.1423
vn -0.3461 0.8663 0.3601
vn -0.2271 0.7792 0.5841
vn -0.0473 0.6720 0.7390
vn 0.1356 0.5192 0.8438
vn 0.3095 0.3311 0.8914
vn 0.4624 0.1205 0.8785
vn 0.5839 -0.0985 0.8058
vn 0.6658 -0.3109 0.6782
vn 0.7024 -0.5023 0.5044
vn 0.6910 -0.6595 0.2959
vn 0.6324 -0.7717 0.0671
vn 0.5305 -0.8312 -0.1664
vn 0.3922 -0.8338 -0.3885
vn 0.2271 -0.7792 -0.5841
vn 0.0463 -0.6713 -0.7397
vn -0.1375 -0.5174 -0.8446
vn -0.3119 -0.3282 -0.8916
vn -0.4649 -0.1166 -0.8777
vn -0.5860 0.1029 -0.8038
vn -0.6671 0.3152 -0.6751
vn -0.7026 0.5058 -0.5005
vn -0.6904 0.6619 -0.2919
vn -0.6312 0.7730 -0.0637
vn -0.5292 0.8315 0.1687
vn -0.3914 0.8336 0.3897
vn -0.2730 0.7421 0.6122
vn -0.0917 0.6361 0.7661
vn 0.0958 0.4870 0.8681
vn 0.2769 0.3048 0.9113
vn 0.4393 0.1018 0.8926
vn 0.5719 -0.1082 0.8131
vn 0.6657 -0.3110 0.6783
vn 0.7142 -0.4928 0.4972
vn 0.7139 -0.6410 0.2819
vn 0.6648 -0.7455 0.0473
vn 0.5703 -0.7990 -0.1906
vn 0.4366 -0.7979 -0.4156
vn 0.2730 -0.7421 -0.6122
vn 0.0907 -0.6354 -0.7668
vn -0.0977 -0.4852 -0.8689
vn -0.2795 -0.3019 -0.9115
vn -0.4420 -0.0980 -0.8917
vn -0.5742 0.1124 -0.8110
vn -0.6672 0.3151 -0.6750
vn -0.7146 0.4961 -0.4931
vn -0.7134 0.6433 -0.2779
vn -0.6638 0.7467 -0.0438
vn -0.5691 0.7993 0.1931
vn -0.4358 0.7977 0.4168
vn -0.3178 0.7017 0.6377
vn -0.1350 0.5971 0.7907
vn 0.0570 0.4520 0.8902
vn 0.2452 0.2762 0.9293
vn 0.4168 0.0815 0.9053
vn 0.5602 -0.1188 0.8198
vn 0.6656 -0.3111 0.6784
vn 0.7256 -0.4824 0.4906
vn 0.7362 -0.6209 0.2693
vn 0.6964 -0.7170 0.0294
vn 0.6090 -0.7641 -0.2127
vn 0.4799 -0.7589 -0.4402
vn 0.3178 -0.7017 -0.6377
vn 0.1340 -0.5964 -0.7914
vn -0.0590 -0.4503 -0.8909
vn -0.2479 -0.2734 -0.9294
vn -0.4197 -0.0779 -0.9043
vn -0.5627 0.1228 -0.8175
vn -0.6673 0.3150 -0.6749
vn -0.7263 0.4856 -0.4865
vn -0.7359 0.6230 -0.2651
vn -0.6955 0.7181 -0.0258
vn -0.6079 0.7643 0.2151
vn -0.4791 0.7587 0.4414
vn -0.3612 0.6583 0.6604
vn -0.1770 0.5552 0.8127
vn 0.0193 0.4144 0.9099
vn 0.2144 0.2455 0.9454
vn 0.3950 0.0598 0.9167
vn 0.5489 -0.1301 0.8257
vn 0.6655 -0.3113 0.6784
vn 0.7368 -0.4713 0.4848
vn 0.7578 -0.5993 0.2580
vn 0.7271 -0.6864 0.0133
vn 0.6466 -0.7266 -0.2323
vn 0.5218 -0.7170 -0.4622
vn 0.3612 -0.6583 -0.6604
vn 0.1759 -0.5546 -0.8133
vn -0.0214 -0.4128 -0.9106
vn -0.2172 -0.2428 -0.9454
vn -0.3981 -0.0564 -0.9156
vn -0.5516 0.1339 -0.8233
vn -0.6674 0.3148 -0.6749
vn -0.7377 0.4742 -0.4806
vn -0.7577 0.6012 -0.2537
vn -0.7263 0.6873 -0.0097
vn -0.6455 0.7267 0.2348
vn -0.5210 0.7168 0.4633
vn -0.4031 0.6122 0.6803
vn -0.2174 0.5106 0.8319
vn -0.0170 0.3744 0.9271
vn 0.1847 0.2128 0.9595
vn 0.3740 0.0366 0.9267
vn 0.5379 -0.1422 0.8309
vn 0.6653 -0.3114 0.6785
vn 0.7475 -0.4595 0.4797
vn 0.7787 -0.5763 0.2481
vn 0.7567 -0.6538 -0.0007
vn 0.6828 -0.6866 -0.2495
vn 0.5623 -0.6724 -0.4814
vn 0.4031 -0.6122 -0.6803
vn 0.2164 -0.5100 -0.8325
vn 0.0148 -0.3728 -0.9278
vn -0.1876 -0.2102 -0.9595
vn -0.3772 -0.0334 -0.9255
vn -0.5409 0.1457 -0.8284
vn -0.6675 0.3147 -0.6748
vn -0.7486 0.4622 -0.4754
vn -0.7788 0.5781 -0.2437
vn -0.7559 0.6546 0.0044
vn -0.6818 0.6867 0.2520
vn -0.5615 0.6722 0.4825
vn -0.4433 0.5634 0.6972
vn -0.2562 0.4635 0.8483
vn -0.0518 0.3321 0.9418
vn 0.1563 0.1782 0.9715
vn 0.3538 0.0121 0.9352
vn 0.5274 -0.1549 0.8354
vn 0.6652 -0.3115 0.6785
vn 0.7578 -0.4470 0.4754
vn 0.7987 -0.5520 0.2396
vn 0.7850 -0.6194 -0.0127
vn 0.7176 -0.6444 -0.2642
vn 0.6010 -0.6253 -0.4977
vn 0.4433 -0.5634 -0.6972
vn 0.2552 -0.4628 -0.8489
vn 0.0496 -0.3306 -0.9425
vn -0.1593 -0.1758 -0.9715
vn -0.3572 -0.0091 -0.9340
vn -0.5306 0.1582 -0.8327
vn -0.6676 0.3146 -0.6748
vn -0.7591 0.4494 -0.4709
vn -0.7989 0.5536 -0.2352
vn -0.7844 0.6201 0.0164
vn -0.7166 0.6444 0.2668
vn -0.6003 0.6251 0.4989
vn -0.4815 0.5121 0.7112
vn -0.2932 0.4140 0.8618
vn -0.0849 0.2877 0.9539
vn 0.1292 0.1419 0.9814
vn 0.3346 -0.0136 0.9423
vn 0.5174 -0.1683 0.8390
vn 0.6651 -0.3117 0.6786
vn 0.7676 -0.4338 0.4718
vn 0.8177 -0.5265 0.2326
vn 0.8120 -0.5832 -0.0225
vn 0.7507 -0.6001 -0.2763
vn 0.6380 -0.5758 -0.5113
vn 0.4815 -0.5121 -0.7112
vn 0.2921 -0.4134 -0.8624
vn 0.0827 -0.2863 -0.9546
vn -0.1323 -0.1397 -0.9813
vn -0.3381 0.0164 -0.9409
vn -0.5208 0.1713 -0.8363
vn -0.6677 0.3144 -0.6747
vn -0.7691 0.4360 -0.4673
vn -0.8181 0.5279 -0.2282
vn -0.8115 0.5838 0.0263
vn -0.7498 0.6000 0.2789
vn -0.6373 0.5756 0.5124
vn -0.5177 0.4587 0.7222
vn -0.3282 0.3624 0.8723
vn -0.1163 0.2414 0.9634
vn 0.1035 0.1041 0.9892
vn 0.3164 -0.0404 0.9477
vn 0.5080 -0.1823 0.8419
vn 0.6650 -0.3118 0.6786
vn 0.7769 -0.4202 0.4690
vn 0.8357 -0.4999 0.2272
vn 0.8375 -0.5455 -0.0303
vn 0.7820 -0.5539 -0.2858
vn 0.6729 -0.5243 -0.5218
vn 0.5177 -0.4587 -0.7222
vn 0.3271 -0.3618 -0.8730
vn 0.1140 -0.2401 -0.9640
vn -0.1068 -0.1020 -0.9890
vn -0.3201 0.0430 -0.9464
vn -0.5115 0.1850 -0.8391
vn -0.6678 0.3143 -0.6747
vn -0.7786 0.4221 -0.4644
vn -0.8363 0.5010 -0.2227
vn -0.8371 0.5459 0.0341
vn -0.7812 0.5537 0.2884
vn -0.6722 0.5240 0.5230
vn -0.5517 0.4034 0.7300
vn -0.3610 0.3089 0.8799
vn -0.1457 0.1934 0.9702
vn 0.0795 0.0648 0.9947
vn 0.2994 -0.0682 0.9517
vn 0.4991 -0.1967 0.8439
vn 0.6649 -0.3120 0.6786
vn 0.7856 -0.4060 0.4670
vn 0.8527 -0.4723 0.2233
vn 0.8615 -0.5065 -0.0358
vn 0.8114 -0.5059 -0.2926
vn 0.7058 -0.4708 -0.5294
vn 0.5517 -0.4034 -0.7300
vn 0.3599 -0.3083 -0.8806
vn 0.1434 -0.1922 -0.9708
vn -0.0828 -0.0629 -0.9946
vn -0.3032 0.0706 -0.9503
vn -0.5028 0.1992 -0.8411
vn -0.6679 0.3141 -0.6747
vn -0.7875 0.4076 -0.4624
vn -0.8533 0.4732 -0.2187
vn -0.8612 0.5067 0.0396
vn -0.8106 0.5058 0.2952
vn -0.7051 0.4705 0.5306
vn -0.5833 0.3463 0.7347
vn -0.3915 0.2537 0.8845
vn -0.1731 0.1440 0.9743
vn 0.0571 0.0244 0.9981
vn 0.2835 -0.0969 0.9541
vn 0.4908 -0.2117 0.8452
vn 0.6649 -0.3121 0.6786
vn 0.7937 -0.3913 0.4658
vn 0.8684 -0.4439 0.2209
vn 0.8838 -0.4662 -0.0391
vn 0.8388 -0.4565 -0.2967
vn 0.7363 -0.4156 -0.5340
vn 0.5833 -0.3463 -0.7347
vn 0.3904 -0.2532 -0.8851
vn 0.1708 -0.1427 -0.9749
vn -0.0605 -0.0226 -0.9979
vn -0.2875 0.0990 -0.9527
vn -0.4947 0.2139 -0.8424
vn -0.6680 0.3140 -0.6747
vn -0.7957 0.3927 -0.4611
vn -0.8692 0.4446 -0.2163
vn -0.8836 0.4663 0.0430
vn -0.8380 0.4563 0.2993
vn -0.7356 0.4153 0.5351
vn -0.4197 0.1971 0.8860
vn -0.1984 0.0932 0.9757
vn 0.0364 -0.0171 0.9992
vn 0.2689 -0.1263 0.9549
vn 0.4832 -0.2270 0.8456
vn 0.6648 -0.3123 0.6787
vn 0.8011 -0.3763 0.4654
vn 0.8829 -0.4147 0.2202
vn 0.9044 -0.4248 -0.0403
vn 0.8640 -0.4058 -0.2980
vn 0.7644 -0.3591 -0.5355
vn 0.4185 -0.1966 -0.8867
vn 0.1960 -0.0921 -0.9763
vn -0.0399 0.0187 -0.9990
vn -0.2730 0.1282 -0.9534
vn -0.4872 0.2289 -0.8428
vn -0.6681 0.3138 -0.6747
vn -0.8033 0.3774 -0.4607
vn -0.8838 0.4152 -0.2156
vn -0.9042 0.4248 0.0441
vn -0.8633 0.4055 0.3006
vn -0.7637 0.3587 0.5367
vn -0.4453 0.1393 0.8845
vn -0.2213 0.0413 0.9743
vn 0.0177 -0.0595 0.9981
vn 0.2556 -0.1563 0.9541
vn 0.4763 -0.2426 0.8452
vn 0.6647 -0.3124 0.6786
vn 0.8079 -0.3610 0.4658
vn 0.8961 -0.3849 0.2209
vn 0.9231 -0.3826 -0.0391
vn 0.8869 -0.3541 -0.2967
vn 0.7900 -0.3013 -0.5340
vn 0.4441 -0.1388 -0.8851
vn 0.2189 -0.0403 -0.9749
vn -0.0212 0.0610 -0.9979
vn -0.2598 0.1580 -0.9527
vn -0.4804 0.2442 -0.8424
vn -0.6682 0.3137 -0.6747
vn -0.8103 0.3617 -0.4611
vn -0.8971 0.3851 -0.2163
vn -0.9230 0.3824 0.0430
vn -0.8862 0.3537 0.2993
vn -0.7893 0.3010 0.5351
vn -0.4682 0.0806 0.8799
vn -0.2419 -0.0113 0.9702
vn 0.0008 -0.1026 0.9947
vn 0.2437 -0.1869 0.9517
vn 0.4701 -0.2585 0.8439
vn 0.6646 -0.3126 0.6786
vn 0.8140 -0.3454 0.4670
vn 0.9079 -0.3547 0.2233
vn 0.9399 -0.3397 -0.0358
vn 0.9075 -0.3015 -0.2926
vn 0.8129 -0.2426 -0.5294
vn 0.4671 -0.0801 -0.8806
vn 0.2395 0.0123 -0.9708
vn -0.0044 0.1039 -0.9946
vn -0.2479 0.1883 -0.9503
vn -0.4743 0.2598 -0.8411
vn -0.6682 0.3135 -0.6747
vn -0.8165 0.3458 -0.4624
vn -0.9091 0.3546 -0.2187
vn -0.9398 0.3393 0.0396
vn -0.9068 0.3010 0.2952
vn -0.8123 0.2422 0.5306
vn -0.4884 0.0212 0.8723
vn -0.2601 -0.0646 0.9634
vn -0.0140 -0.1461 0.9892
vn 0.2332 -0.2177 0.9477
vn 0.4646 -0.2746 0.8419
vn 0.6646 -0.3128 0.6786
vn 0.8194 -0.3297 0.4690
vn 0.9184 -0.3241 0.2272
vn 0.9546 -0.2963 -0.0303
vn 0.9256 -0.2483 -0.2858
vn 0.8332 -0.1832 -0.5218
vn 0.4873 -0.0207 -0.8730
vn 0.2576 0.0655 -0.9640
vn 0.0103 0.1473 -0.9890
vn -0.2375 0.2189 -0.9464
vn -0.4690 0.2755 -0.8391
vn -0.6683 0.3133 -0.6747
vn -0.8219 0.3298 -0.4644
vn -0.9196 0.3237 -0.2227
vn -0.9547 0.2957 0.0341
vn -0.9249 0.2477 0.2884
vn -0.8325 0.1828 0.5230
vn -0.5058 -0.0387 0.8618
vn -0.2757 -0.1183 0.9539
vn -0.0267 -0.1900 0.9814
vn 0.2241 -0.2488 0.9423
vn 0.4599 -0.2908 0.8390
vn 0.6645 -0.3129 0.6786
vn 0.8240 -0.3138 0.4718
vn 0.9273 -0.2932 0.2326
vn 0.9673 -0.2526 -0.0225
vn 0.9411 -0.1946 -0.2763
vn 0.8505 -0.1234 -0.5113
vn 0.5046 0.0391 -0.8624
vn 0.2731 0.1191 -0.9546
vn 0.0230 0.1910 -0.9813
vn -0.2286 0.2498 -0.9409
vn -0.4644 0.2914 -0.8363
vn -0.6683 0.3132 -0.6747
vn -0.8266 0.3136 -0.4673
vn -0.9286 0.2926 -0.2282
vn -0.9674 0.2518 0.0263
vn -0.9405 0.1940 0.2789
vn -0.8499 0.1230 0.5124
vn -0.5203 -0.0987 0.8483
vn -0.2887 -0.1722 0.9418
vn -0.0374 -0.2341 0.9715
vn 0.2166 -0.2800 0.9352
vn 0.4560 -0.3070 0.8354
vn 0.6645 -0.3131 0.6785
vn 0.8278 -0.2978 0.4754
vn 0.9348 -0.2623 0.2396
vn 0.9779 -0.2087 -0.0127
vn 0.9541 -0.1409 -0.2642
vn 0.8650 -0.0634 -0.4977
vn 0.5191 0.0991 -0.8489
vn 0.2861 0.1729 -0.9425
vn 0.0336 0.2349 -0.9715
vn -0.2211 0.2807 -0.9340
vn -0.4605 0.3073 -0.8327
vn -0.6684 0.3130 -0.6748
vn -0.8306 0.2973 -0.4709
vn -0.9361 0.2614 -0.2352
vn -0.9780 0.2078 0.0164
vn -0.9535 0.1401 0.2668
vn -0.8644 0.0629 0.4989
vn -0.5318 -0.1587 0.8319
vn -0.2990 -0.2260 0.9271
vn -0.0458 -0.2780 0.9595
vn 0.2106 -0.3112 0.9267
vn 0.4529 -0.3232 0.8309
vn 0.6645 -0.3133 0.6785
vn 0.8309 -0.2819 0.4797
vn 0.9407 -0.2313 0.2481
vn 0.9863 -0.1649 -0.0007
vn 0.9644 -0.0872 -0.2495
vn 0.8765 -0.0034 -0.4814
vn 0.5306 0.1591 -0.8325
vn 0.2964 0.2266 -0.9278
vn 0.0420 0.2787 -0.9595
vn -0.2152 0.3116 -0.9255
vn -0.4575 0.3232 -0.8284
vn -0.6684 0.3128 -0.6748
vn -0.8337 0.2811 -0.4754
vn -0.9421 0.2303 -0.2437
vn -0.9865 0.1638 0.0044
vn -0.9639 0.0863 0.2520
vn -0.8759 0.0030 0.4825
vn -0.5403 -0.2183 0.8127
vn -0.3066 -0.2795 0.9099
vn -0.0520 -0.3217 0.9454
vn 0.2062 -0.3422 0.9167
vn 0.4506 -0.3394 0.8257
vn 0.6644 -0.3134 0.6784
vn 0.8331 -0.2661 0.4848
vn 0.9451 -0.2006 0.2580
vn 0.9925 -0.1214 0.0133
vn 0.9721 -0.0338 -0.2323
vn 0.8850 0.0562 -0.4622
vn 0.5391 0.2187 -0.8133
vn 0.3040 0.2800 -0.9106
vn 0.0482 0.3222 -0.9454
vn -0.2108 0.3423 -0.9156
vn -0.4552 0.3391 -0.8233
vn -0.6684 0.3127 -0.6749
vn -0.8360 0.2650 -0.4806
vn -0.9465 0.1993 -0.2537
vn -0.9927 0.1201 -0.0097
vn -0.9715 0.0328 0.2348
vn -0.8844 -0.0567 0.4633
vn -0.5458 -0.2773 0.7907
vn -0.3115 -0.3325 0.8902
vn -0.0560 -0.3650 0.9293
vn 0.2034 -0.3729 0.9053
vn 0.4491 -0.3553 0.8198
vn 0.6644 -0.3136 0.6784
vn 0.8346 -0.2505 0.4906
vn 0.9479 -0.1702 0.2693
vn 0.9965 -0.0782 0.0294
vn 0.9769 0.0191 -0.2127
vn 0.8905 0.1152 -0.4402
vn 0.5446 0.2777 -0.7914
vn 0.3089 0.3329 -0.8909
vn 0.0522 0.3653 -0.9294
vn -0.2080 0.3728 -0.9043
vn -0.4538 0.3547 -0.8175
vn -0.6685 0.3125 -0.6749
vn -0.8375 0.2490 -0.4865
vn -0.9494 0.1686 -0.2651
vn -0.9967 0.0768 -0.0258
vn -0.9764 -0.0201 0.2151
vn -0.8898 -0.1157 0.4414
vn -0.5481 -0.3355 0.7661
vn -0.3136 -0.3847 0.8681
vn -0.0578 -0.4077 0.9113
vn 0.2021 -0.4031 0.8926
vn 0.4485 -0.3711 0.8131
vn 0.6644 -0.3138 0.6783
vn 0.8352 -0.2350 0.4972
vn 0.9491 -0.1402 0.2819
vn 0.9982 -0.0357 0.0473
vn 0.9791 0.0713 -0.1906
vn 0.8928 0.1734 -0.4156
vn 0.5470 0.3359 -0.7668
vn 0.3111 0.3850 -0.8689
vn 0.0539 0.4079 -0.9115
vn -0.2067 0.4028 -0.8917
vn -0.4531 0.3702 -0.8110
vn -0.6685 0.3123 -0.6750
vn -0.8381 0.2333 -0.4931
vn -0.9506 0.1384 -0.2779
vn -0.9985 0.0341 -0.0438
vn -0.9785 -0.0724 0.1931
vn -0.8922 -0.1739 0.4168
vn -0.5474 -0.3926 0.7390
vn -0.3130 -0.4359 0.8438
vn -0.0573 -0.4496 0.8914
vn 0.2025 -0.4328 0.8785
vn 0.4486 -0.3865 0.8058
vn 0.6644 -0.3139 0.6782
vn 0.8350 -0.2199 0.5044
vn 0.9488 -0.1108 0.2959
vn 0.9977 0.0060 0.0671
vn 0.9784 0.1224 -0.1664
vn 0.8921 0.2305 -0.3885
vn 0.5463 0.3929 -0.7397
vn 0.3104 0.4362 -0.8446
vn 0.0534 0.4496 -0.8916
vn -0.2071 0.4322 -0.8777
vn -0.4533 0.3853 -0.8038
vn -0.6685 0.3122 -0.6751
vn -0.8379 0.2178 -0.5005
vn -0.9502 0.1087 -0.2919
vn -0.9979 -0.0077 -0.0637
vn -0.9779 -0.1236 0.1687
vn -0.8915 -0.2310 0.3897
vn -0.5437 -0.4484 0.7095
vn -0.3096 -0.4859 0.8173
vn -0.0545 -0.4905 0.8697
vn 0.2045 -0.4618 0.8631
vn 0.4497 -0.4016 0.7978
vn 0.6644 -0.3141 0.6782
vn 0.8340 -0.2051 0.5122
vn 0.9468 -0.0820 0.3111
vn 0.9950 0.0467 0.0887
vn 0.9750 0.1724 -0.1399
vn 0.8884 0.2862 -0.3590
vn 0.5425 0.4487 -0.7102
vn 0.3070 0.4861 -0.8182
vn 0.0507 0.4903 -0.8701
vn -0.2091 0.4609 -0.8625
vn -0.4543 0.4001 -0.7959
vn -0.6684 0.3120 -0.6751
vn -0.8369 0.2027 -0.5085
vn -0.9483 0.0797 -0.3073
vn -0.9952 -0.0486 -0.0854
vn -0.9745 -0.1736 0.1423
vn -0.8877 -0.2868 0.3601
vn -0.5368 -0.5026 0.6777
vn -0.3035 -0.5345 0.7888
vn -0.0495 -0.5302 0.8464
vn 0.2080 -0.4899 0.8466
vn 0.4515 -0.4163 0.7892
vn 0.6644 -0.3142 0.6781
vn 0.8322 -0.1907 0.5206
vn 0.9433 -0.0541 0.3275
vn 0.9900 0.0863 0.1119
vn 0.9689 0.2209 -0.1114
vn 0.8815 0.3404 -0.3272
vn 0.5356 0.5029 -0.6784
vn 0.3009 0.5347 -0.7897
vn 0.0457 0.5299 -0.8468
vn -0.2126 0.4889 -0.8461
vn -0.4561 0.4145 -0.7875
vn -0.6684 0.3119 -0.6752
vn -0.8350 0.1881 -0.5171
vn -0.9447 0.0516 -0.3238
vn -0.9901 -0.0884 -0.1087
vn -0.9683 -0.2222 0.1137
vn -0.8809 -0.3410 0.3283
vn -0.5269 -0.5550 0.6437
vn -0.2946 -0.5815 0.7583
vn -0.0422 -0.5687 0.8215
vn 0.2132 -0.5171 0.8289
vn 0.4542 -0.4304 0.7800
vn 0.6645 -0.3144 0.6780
vn 0.8296 -0.1768 0.5296
vn 0.9382 -0.0271 0.3451
vn 0.9827 0.1246 0.1368
vn 0.9601 0.2678 -0.0810
vn 0.8716 0.3928 -0.2933
vn 0.5257 0.5552 -0.6444
vn 0.2920 0.5816 -0.7592
vn 0.0384 0.5682 -0.8220
vn -0.2177 0.5159 -0.8285
vn -0.4588 0.4284 -0.7785
vn -0.6684 0.3117 -0.6753
vn -0.8324 0.1739 -0.5263
vn -0.9396 0.0243 -0.3415
vn -0.9829 -0.1268 -0.1336
vn -0.9595 -0.2692 0.0832
vn -0.8710 -0.3934 0.2943
vn -0.5140 -0.6054 0.6077
vn -0.2830 -0.6267 0.7260
vn -0.0328 -0.6056 0.7951
vn 0.2199 -0.5433 0.8102
vn 0.4577 -0.4441 0.7703
vn 0.6645 -0.3145 0.6779
vn 0.8262 -0.1634 0.5392
vn 0.9316 -0.0011 0.3636
vn 0.9733 0.1614 0.1631
vn 0.9485 0.3129 -0.0487
vn 0.8588 0.4431 -0.2573
vn 0.5129 0.6056 -0.6085
vn 0.2805 0.6267 -0.7270
vn 0.0290 0.6050 -0.7957
vn -0.2243 0.5418 -0.8100
vn -0.4622 0.4417 -0.7689
vn -0.6684 0.3116 -0.6754
vn -0.8289 0.1603 -0.5360
vn -0.9329 -0.0018 -0.3602
vn -0.9734 -0.1637 -0.1600
vn -0.9479 -0.3144 0.0509
vn -0.8581 -0.4437 0.2584
vn -0.4982 -0.6535 0.5699
vn -0.2689 -0.6699 0.6921
vn -0.0212 -0.6409 0.7674
vn 0.2281 -0.5683 0.7906
vn 0.4620 -0.4571 0.7600
vn 0.6646 -0.3147 0.6778
vn 0.8220 -0.1507 0.5492
vn 0.9234 0.0237 0.3831
vn 0.9618 0.1965 0.1907
vn 0.9344 0.3560 -0.0149
vn 0.8429 0.4912 -0.2195
vn 0.4971 0.6537 -0.5706
vn 0.2663 0.6698 -0.6931
vn 0.0175 0.6401 -0.7681
vn -0.2325 0.5666 -0.7905
vn -0.4664 0.4545 -0.7589
vn -0.6683 0.3114 -0.6755
vn -0.8246 0.1473 -0.5462
vn -0.9247 -0.0268 -0.3798
vn -0.9618 -0.1990 -0.1877
vn -0.9337 -0.3576 0.0170
vn -0.8423 -0.4918 0.2205
vn -0.4795 -0.6991 0.5303
vn -0.2521 -0.7109 0.6566
vn -0.0075 -0.6744 0.7384
vn 0.2378 -0.5920 0.7700
vn 0.4670 -0.4694 0.7494
vn 0.6646 -0.3148 0.6777
vn 0.8170 -0.1386 0.5597
vn 0.9138 0.0472 0.4035
vn 0.9481 0.2299 0.2196
vn 0.9176 0.3969 0.0205
vn 0.8243 0.5368 -0.1799
vn 0.6744 0.6400 -0.3682
vn 0.4784 0.6993 -0.5311
vn 0.2496 0.7107 -0.6577
vn 0.0038 0.6735 -0.7392
vn -0.2421 0.5902 -0.7701
vn -0.4713 0.4666 -0.7484
vn -0.6683 0.3113 -0.6757
vn -0.8195 0.1349 -0.5569
vn -0.9150 -0.0506 -0.4004
vn -0.9481 -0.2325 -0.2167
vn -0.9170 -0.3985 -0.0185
vn -0.8236 -0.5375 0.1810
vn -0.4581 -0.7421 0.4893
vn -0.2328 -0.7494 0.6198
vn 0.0083 -0.7059 0.7083
vn 0.2489 -0.6144 0.7487
vn 0.4728 -0.4811 0.7382
vn 0.6647 -0.3149 0.6775
vn 0.8113 -0.1272 0.5706
vn 0.9027 0.0694 0.4246
vn 0.9324 0.2613 0.2496
vn 0.8984 0.4355 0.0573
vn 0.8028 0.5798 -0.1389
vn 0.4569 0.7423 -0.4901
vn 0.2304 0.7492 -0.6209
vn -0.0119 0.7049 -0.7092
vn -0.2532 0.6123 -0.7490
vn -0.4770 0.4780 -0.7375
vn -0.6682 0.3112 -0.6758
vn -0.8137 0.1233 -0.5680
vn -0.9038 -0.0729 -0.4217
vn -0.9324 -0.2640 -0.2468
vn -0.8977 -0.4371 -0.0553
vn -0.8021 -0.5805 0.1399
vn -0.4339 -0.7823 0.4469
vn -0.2111 -0.7855 0.5817
vn 0.0260 -0.7354 0.6772
vn 0.2615 -0.6353 0.7267
vn 0.4794 -0.4919 0.7268
vn 0.6647 -0.3150 0.6774
vn 0.8049 -0.1165 0.5818
vn 0.8902 0.0901 0.4465
vn 0.9148 0.2907 0.2805
vn 0.8767 0.4715 0.0953
vn 0.7786 0.6200 -0.0965
vn 0.4327 0.7825 -0.4477
vn 0.2087 0.7852 -0.5830
vn -0.0295 0.7342 -0.6782
vn -0.2656 0.6331 -0.7271
vn -0.4834 0.4887 -0.7263
vn -0.6681 0.3111 -0.6759
vn -0.8072 0.1124 -0.5795
vn -0.8912 -0.0938 -0.4437
vn -0.9147 -0.2935 -0.2779
vn -0.8760 -0.4732 -0.0933
vn -0.7780 -0.6207 0.0975
vn -0.4071 -0.8195 0.4033
vn -0.1871 -0.8188 0.5427
vn 0.0456 -0.7626 0.6452
vn 0.2754 -0.6546 0.7040
vn 0.4866 -0.5020 0.7150
vn 0.6648 -0.3151 0.6773
vn 0.7978 -0.1066 0.5934
vn 0.8764 0.1093 0.4689
vn 0.8952 0.3178 0.3124
vn 0.8527 0.5048 0.1343
vn 0.7519 0.6572 -0.0530
vn 0.4060 0.8197 -0.4042
vn 0.1847 0.8185 -0.5439
vn -0.0491 0.7614 -0.6464
vn -0.2794 0.6522 -0.7047
vn -0.4905 0.4985 -0.7147
vn -0.6681 0.3110 -0.6760
vn -0.7999 0.1023 -0.5913
vn -0.8773 -0.1131 -0.4664
vn -0.8950 -0.3208 -0.3099
vn -0.8520 -0.5065 -0.1324
vn -0.7512 -0.6579 0.0540
vn -0.3779 -0.8535 0.3588
vn -0.1609 -0.8494 0.5027
vn 0.0671 -0.7876 0.6126
vn 0.2906 -0.6723 0.6809
vn 0.4945 -0.5112 0.7029
vn 0.6649 -0.3152 0.6772
vn 0.7901 -0.0976 0.6052
vn 0.8614 0.1268 0.4919
vn 0.8739 0.3427 0.3449
vn 0.8266 0.5352 0.1742
vn 0.7226 0.6912 -0.0084
vn 0.3768 0.8537 -0.3596
vn 0.1585 0.8490 -0.5040
vn -0.0704 0.7862 -0.6139
vn -0.2945 0.6697 -0.6817
vn -0.4983 0.5076 -0.7029
vn -0.6680 0.3109 -0.6761
vn -0.7920 0.0931 -0.6033
vn -0.8621 -0.1308 -0.4895
vn -0.8736 -0.3457 -0.3425
vn -0.8258 -0.5370 -0.1724
vn -0.7219 -0.6919 0.0094
vn -0.3463 -0.8842 0.3134
vn -0.1325 -0.8769 0.4620
vn 0.0903 -0.8101 0.5793
vn 0.3070 -0.6882 0.6573
vn 0.5031 -0.5195 0.6907
vn 0.6650 -0.3153 0.6770
vn 0.7817 -0.0895 0.6172
vn 0.8451 0.1426 0.5153
vn 0.8508 0.3651 0.3780
vn 0.7982 0.5627 0.2148
vn 0.6910 0.7219 0.0369
vn 0.3452 0.8843 -0.3143
vn 0.1302 0.8765 -0.4634
vn -0.0935 0.8087 -0.5808
vn -0.3108 0.6856 -0.6583
vn -0.5067 0.5157 -0.6909
vn -0.6679 0.3108 -0.6763
vn -0.7835 0.0848 -0.6156
vn -0.8457 -0.1467 -0.5131
vn -0.8504 -0.3682 -0.3758
vn -0.7974 -0.5646 -0.2130
vn -0.6903 -0.7226 -0.0359
vn -0.3124 -0.9115 0.2675
vn -0.1022 -0.9014 0.4208
vn 0.1151 -0.8301 0.5456
vn 0.3246 -0.7024 0.6335
vn 0.5122 -0.5269 0.6783
vn 0.6651 -0.3154 0.6769
vn 0.7727 -0.0822 0.6294
vn 0.8276 0.1567 0.5389
vn 0.8261 0.3850 0.4116
vn 0.7679 0.5871 0.2560
vn 0.6572 0.7491 0.0828
vn 0.3113 0.9116 -0.2684
vn 0.0999 0.9009 -0.4223
vn -0.1182 0.8286 -0.5472
vn -0.3282 0.6996 -0.6347
vn -0.5157 0.5229 -0.6787
vn -0.6678 0.3107 -0.6764
vn -0.7743 0.0775 -0.6280
vn -0.8281 -0.1609 -0.5370
vn -0.8256 -0.3882 -0.4095
vn -0.7671 -0.5891 -0.2542
vn -0.6565 -0.7499 -0.0818
vn -0.2765 -0.9352 0.2212
vn -0.0700 -0.9226 0.3793
vn 0.1414 -0.8475 0.5117
vn 0.3433 -0.7147 0.6094
vn 0.5219 -0.5333 0.6657
vn 0.6652 -0.3154 0.6768
vn 0.7632 -0.0759 0.6417
vn 0.8091 0.1689 0.5628
vn 0.7998 0.4023 0.4454
vn 0.7358 0.6084 0.2975
vn 0.6213 0.7728 0.1291
vn 0.2755 0.9353 -0.2221
vn 0.0678 0.9222 -0.3808
vn -0.1445 0.8459 -0.5134
vn -0.3467 0.7119 -0.6108
vn -0.5252 0.5292 -0.6664
vn -0.6677 0.3106 -0.6765
vn -0.7646 0.0710 -0.6406
vn -0.8095 -0.1732 -0.5610
vn -0.7993 -0.4056 -0.4434
vn -0.7349 -0.6103 -0.2958
vn -0.6206 -0.7736 -0.1281
vn -0.2387 -0.9553 0.1747
vn -0.0361 -0.9406 0.3375
vn 0.1691 -0.8622 0.4776
vn 0.3629 -0.7251 0.5852
vn 0.5322 -0.5387 0.6531
vn 0.6653 -0.3155 0.6767
vn 0.7531 -0.0706 0.6541
vn 0.7896 0.1792 0.5868
vn 0.7722 0.4170 0.4794
vn 0.7019 0.6263 0.3391
vn 0.5835 0.7929 0.1756
vn 0.2377 0.9553 -0.1756
vn 0.0339 0.9401 -0.3391
vn -0.1721 0.8606 -0.4794
vn -0.3662 0.7222 -0.5868
vn -0.5352 0.5346 -0.6541
vn -0.6676 0.3106 -0.6767
vn -0.7544 0.0656 -0.6531
vn -0.7898 -0.1837 -0.5852
vn -0.7716 -0.4203 -0.4776
vn -0.7009 -0.6283 -0.3375
vn -0.5828 -0.7936 -0.1747
vn -0.1991 -0.9716 0.1281
vn -0.0005 -0.9553 0.2958
vn 0.1982 -0.8741 0.4434
vn 0.3835 -0.7336 0.5610
vn 0.5429 -0.5431 0.6406
vn 0.6654 -0.3156 0.6765
vn 0.7426 -0.0663 0.6664
vn 0.7692 0.1876 0.6108
vn 0.7433 0.4289 0.5134
vn 0.6665 0.6409 0.3808
vn 0.5440 0.8092 0.2221
vn 0.1981 0.9716 -0.1291
vn -0.0015 0.9547 -0.2975
vn -0.2010 0.8725 -0.4454
vn -0.3866 0.7306 -0.5628
vn -0.5457 0.5389 -0.6417
vn -0.6675 0.3105 -0.6768
vn -0.7437 0.0612 -0.6657
vn -0.7692 -0.1921 -0.6094
vn -0.7425 -0.4323 -0.5117
vn -0.6654 -0.6429 -0.3793
vn -0.5432 -0.8099 -0.2212
vn -0.1580 -0.9840 0.0818
vn 0.0364 -0.9665 0.2542
vn 0.2283 -0.8833 0.4095
vn 0.4049 -0.7401 0.5370
vn 0.5540 -0.5465 0.6280
vn 0.6655 -0.3156 0.6764
vn 0.7317 -0.0630 0.6787
vn 0.7480 0.1941 0.6347
vn 0.7132 0.4380 0.5472
vn 0.6296 0.6521 0.4223
vn 0.5028 0.8217 0.2684
vn 0.1569 0.9841 -0.0828
vn -0.0384 0.9659 -0.2560
vn -0.2311 0.8816 -0.4116
vn -0.4078 0.7370 -0.5389
vn -0.5566 0.5422 -0.6294
vn -0.6674 0.3105 -0.6769
vn -0.7325 0.0578 -0.6783
vn -0.7479 -0.1986 -0.6335
vn -0.7123 -0.4414 -0.5456
vn -0.6285 -0.6541 -0.4208
vn -0.5020 -0.8224 -0.2675
vn -0.1154 -0.9927 0.0359
vn 0.0746 -0.9742 0.2130
vn 0.2596 -0.8896 0.3758
vn 0.4270 -0.7446 0.5131
vn 0.5655 -0.5488 0.6156
vn 0.6656 -0.3156 0.6763
vn 0.7204 -0.0607 0.6909
vn 0.7261 0.1985 0.6583
vn 0.6821 0.4443 0.5808
vn 0.5915 0.6599 0.4634
vn 0.4603 0.8303 0.3143
vn 0.1144 0.9928 -0.0369
vn -0.0766 0.9736 -0.2148
vn -0.2622 0.8879 -0.3780
vn -0.4298 0.7415 -0.5153
vn -0.5679 0.5445 -0.6172
vn -0.6672 0.3105 -0.6770
vn -0.7210 0.0555 -0.6907
vn -0.7257 -0.2031 -0.6573
vn -0.6811 -0.4477 -0.5793
vn -0.5903 -0.6619 -0.4620
vn -0.4595 -0.8310 -0.3134
vn -0.0716 -0.9974 -0.0094
vn 0.1139 -0.9784 0.1724
vn 0.2917 -0.8931 0.3425
vn 0.4498 -0.7470 0.4895
vn 0.5774 -0.5501 0.6033
vn 0.6657 -0.3156 0.6761
vn 0.7088 -0.0595 0.7029
vn 0.7035 0.2010 0.6817
vn 0.6501 0.4478 0.6139
vn 0.5522 0.6641 0.5040
vn 0.4165 0.8350 0.3596
vn 0.0706 0.9975 0.0084
vn -0.1158 0.9779 -0.1742
vn -0.2942 0.8913 -0.3449
vn -0.4524 0.7439 -0.4919
vn -0.5796 0.5457 -0.6052
vn -0.6671 0.3105 -0.6772
vn -0.7092 0.0542 -0.7029
vn -0.7030 -0.2056 -0.6809
vn -0.6490 -0.4512 -0.6126
vn -0.5510 -0.6661 -0.5027
vn -0.4157 -0.8358 -0.3588
vn -0.0267 -0.9982 -0.0540
vn 0.1541 -0.9791 0.1324
vn 0.3246 -0.8937 0.3099
vn 0.4731 -0.7474 0.4664
vn 0.5895 -0.5503 0.5913
vn 0.6659 -0.3156 0.6760
vn 0.6969 -0.0592 0.7147
vn 0.6804 0.2014 0.7047
vn 0.6173 0.4484 0.6464
vn 0.5120 0.6648 0.5439
vn 0.3716 0.8358 0.4042
vn 0.0257 0.9983 0.0530
vn -0.1560 0.9786 -0.1343
vn -0.3270 0.8919 -0.3124
vn -0.4755 0.7443 -0.4689
vn -0.5915 0.5459 -0.5934
vn -0.6670 0.3105 -0.6773
vn -0.6970 0.0540 -0.7150
vn -0.6797 -0.2060 -0.7040
vn -0.6161 -0.4518 -0.6452
vn -0.5107 -0.6668 -0.5427
vn -0.3708 -0.8366 -0.4033
vn 0.0190 -0.9951 -0.0975
vn 0.1951 -0.9763 0.0933
vn 0.3581 -0.8914 0.2779
vn 0.4968 -0.7458 0.4437
vn 0.6019 -0.5495 0.5795
vn 0.6660 -0.3156 0.6759
vn 0.6848 -0.0601 0.7263
vn 0.6568 0.1997 0.7271
vn 0.5840 0.4461 0.6782
vn 0.4711 0.6620 0.5830
vn 0.3259 0.8327 0.4477
vn -0.0199 0.9951 0.0965
vn -0.1969 0.9758 -0.0953
vn -0.3603 0.8896 -0.2805
vn -0.4990 0.7427 -0.4465
vn -0.6036 0.5451 -0.5818
vn -0.6669 0.3105 -0.6774
vn -0.6847 0.0548 -0.7268
vn -0.6559 -0.2043 -0.7267
vn -0.5826 -0.4495 -0.6772
vn -0.4697 -0.6640 -0.5817
vn -0.3251 -0.8334 -0.4469
vn 0.0653 -0.9880 -0.1399
vn 0.2367 -0.9700 0.0553
vn 0.3921 -0.8862 0.2468
vn 0.5209 -0.7422 0.4217
vn 0.6144 -0.5476 0.5680
vn 0.6661 -0.3156 0.6758
vn 0.6725 -0.0619 0.7375
vn 0.6329 0.1961 0.7490
vn 0.5501 0.4409 0.7092
vn 0.4296 0.6557 0.6209
vn 0.2796 0.8256 0.4901
vn -0.0663 0.9881 0.1389
vn -0.2384 0.9695 -0.0573
vn -0.3942 0.8845 -0.2496
vn -0.5229 0.7391 -0.4246
vn -0.6159 0.5432 -0.5706
vn -0.6667 0.3105 -0.6775
vn -0.6721 0.0568 -0.7382
vn -0.6318 -0.2007 -0.7487
vn -0.5486 -0.4443 -0.7083
vn -0.4282 -0.6577 -0.6198
vn -0.2787 -0.8264 -0.4893
vn -0.0620 -0.9277 -0.3681
vn 0.1122 -0.9771 -0.1810
vn 0.2787 -0.9602 0.0185
vn 0.4264 -0.8782 0.2167
vn 0.5453 -0.7365 0.4004
vn 0.6271 -0.5446 0.5569
vn 0.6663 -0.3156 0.6757
vn 0.6601 -0.0648 0.7484
vn 0.6088 0.1905 0.7701
vn 0.5159 0.4329 0.7392
vn 0.3876 0.6459 0.6577
vn 0.2328 0.8147 0.5311
vn -0.1131 0.9772 0.1799
vn -0.2804 0.9597 -0.0205
vn -0.4284 0.8765 -0.2196
vn -0.5471 0.7334 -0.4035
vn -0.6283 0.5403 -0.5597
vn -0.6666 0.3105 -0.6777
vn -0.6595 0.0597 -0.7494
vn -0.6075 -0.1950 -0.7700
vn -0.5142 -0.4363 -0.7384
vn -0.3862 -0.6479 -0.6566
vn -0.2319 -0.8154 -0.5303
vn 0.1592 -0.9623 -0.2205
vn 0.3210 -0.9469 -0.0170
vn 0.4610 -0.8673 0.1877
vn 0.5697 -0.7288 0.3798
vn 0.6398 -0.5406 0.5462
vn 0.6664 -0.3155 0.6755
vn 0.6476 -0.0688 0.7589
vn 0.5845 0.1829 0.7905
vn 0.4815 0.4221 0.7681
vn 0.3455 0.6327 0.6931
vn 0.1857 0.7999 0.5706
vn -0.1601 0.9624 0.2195
vn -0.3225 0.9464 0.0149
vn -0.4628 0.8657 -0.1907
vn -0.5713 0.7258 -0.3831
vn -0.6408 0.5364 -0.5492
vn -0.6665 0.3106 -0.6778
vn -0.6467 0.0637 -0.7600
vn -0.5830 -0.1873 -0.7906
vn -0.4797 -0.4255 -0.7674
vn -0.3439 -0.6346 -0.6921
vn -0.1848 -0.8007 -0.5699
vn 0.2064 -0.9437 -0.2584
vn 0.3632 -0.9303 -0.0509
vn 0.4955 -0.8537 0.1600
vn 0.5942 -0.7192 0.3602
vn 0.6526 -0.5356 0.5360
vn 0.6665 -0.3155 0.6754
vn 0.6351 -0.0737 0.7689
vn 0.5602 0.1733 0.8100
vn 0.4471 0.4086 0.7957
vn 0.3033 0.6160 0.7270
vn 0.1386 0.7814 0.6085
vn -0.2073 0.9438 0.2573
vn -0.3648 0.9298 0.0487
vn -0.4972 0.8522 -0.1631
vn -0.5956 0.7163 -0.3636
vn -0.6533 0.5315 -0.5392
vn -0.6663 0.3106 -0.6779
vn -0.6340 0.0687 -0.7703
vn -0.5585 -0.1777 -0.8102
vn -0.4452 -0.4119 -0.7951
vn -0.3016 -0.6180 -0.7260
vn -0.1377 -0.7821 -0.6077
vn 0.2533 -0.9215 -0.2943
vn 0.4054 -0.9104 -0.0832
vn 0.5300 -0.8374 0.1336
vn 0.6186 -0.7076 0.3415
vn 0.6653 -0.5296 0.5263
vn 0.6667 -0.3154 0.6753
vn 0.6226 -0.0796 0.7785
vn 0.5360 0.1618 0.8285
vn 0.4128 0.3923 0.8220
vn 0.2612 0.5961 0.7592
vn 0.0917 0.7591 0.6444
vn -0.2542 0.9216 0.2933
vn -0.4068 0.9099 0.0810
vn -0.5315 0.8359 -0.1368
vn -0.6198 0.7048 -0.3451
vn -0.6657 0.5256 -0.5296
vn -0.6662 0.3107 -0.6780
vn -0.6213 0.0747 -0.7800
vn -0.5341 -0.1661 -0.8289
vn -0.4107 -0.3956 -0.8215
vn -0.2595 -0.5980 -0.7583
vn -0.0907 -0.7599 -0.6437
vn 0.3000 -0.8957 -0.3283
vn 0.4472 -0.8872 -0.1137
vn 0.5642 -0.8185 0.1087
vn 0.6429 -0.6942 0.3238
vn 0.6779 -0.5226 0.5171
vn 0.6668 -0.3153 0.6752
vn 0.6102 -0.0864 0.7875
vn 0.5120 0.1485 0.8461
vn 0.3787 0.3735 0.8468
vn 0.2194 0.5730 0.7897
vn 0.0450 0.7333 0.6784
vn -0.3008 0.8958 0.3272
vn -0.4486 0.8868 0.1114
vn -0.5656 0.8170 -0.1119
vn -0.6439 0.6915 -0.3275
vn -0.6781 0.5188 -0.5206
vn -0.6661 0.3108 -0.6781
vn -0.6087 0.0817 -0.7892
vn -0.5099 -0.1527 -0.8466
vn -0.3765 -0.3766 -0.8464
vn -0.2177 -0.5749 -0.7888
vn -0.0441 -0.7340 -0.6777
vn 0.3461 -0.8663 -0.3601
vn 0.4886 -0.8609 -0.1423
vn 0.5980 -0.7970 0.0854
vn 0.6668 -0.6789 0.3073
vn 0.6904 -0.5147 0.5085
vn 0.6669 -0.3153 0.6751
vn 0.5980 -0.0942 0.7959
vn 0.4882 0.1334 0.8625
vn 0.3450 0.3520 0.8701
vn 0.1781 0.5467 0.8182
vn -0.0010 0.7040 0.7102
vn -0.3469 0.8665 0.3590
vn -0.4899 0.8605 0.1399
vn -0.5993 0.7956 -0.0887
vn -0.6676 0.6764 -0.3111
vn -0.6903 0.5110 -0.5122
vn -0.6659 0.3108 -0.6782
vn -0.5962 0.0897 -0.7978
vn -0.4859 -0.1375 -0.8631
vn -0.3427 -0.3551 -0.8697
vn -0.1763 -0.5485 -0.8173
vn 0.0020 -0.7047 -0.7095
vn 0.3914 -0.8336 -0.3897
vn 0.5292 -0.8315 -0.1687
vn 0.6312 -0.7730 0.0637
vn 0.6904 -0.6619 0.2919
vn 0.7026 -0.5058 0.5005
vn 0.6671 -0.3152 0.6751
vn 0.5860 -0.1029 0.8038
vn 0.4649 0.1166 0.8777
vn 0.3119 0.3282 0.8916
vn 0.1375 0.5174 0.8446
vn -0.0463 0.6713 0.7397
vn -0.3922 0.8338 0.3885
vn -0.5305 0.8312 0.1664
vn -0.6324 0.7717 -0.0671
vn -0.6910 0.6595 -0.2959
vn -0.7024 0.5023 -0.5044
vn -0.6658 0.3109 -0.6782
vn -0.5839 0.0985 -0.8058
vn -0.4624 -0.1205 -0.8785
vn -0.3095 -0.3311 -0.8914
vn -0.1356 -0.5192 -0.8438
vn 0.0473 -0.6720 -0.7390
vn 0.4358 -0.7977 -0.4168
vn 0.5691 -0.7993 -0.1931
vn 0.6638 -0.7467 0.0438
vn 0.7134 -0.6433 0.2779
vn 0.7146 -0.4961 0.4931
vn 0.6672 -0.3151 0.6750
vn 0.5742 -0.1124 0.8110
vn 0.4420 0.0980 0.8917
vn 0.2795 0.3019 0.9115
vn 0.0977 0.4852 0.8689
vn -0.0907 0.6354 0.7668
vn -0.4366 0.7979 0.4156
vn -0.5703 0.7990 0.1906
vn -0.6648 0.7455 -0.0473
vn -0.7139 0.6410 -0.2819
vn -0.7142 0.4928 -0.4972
vn -0.6657 0.3110 -0.6783
vn -0.5719 0.1082 -0.8131
vn -0.4393 -0.1018 -0.8926
vn -0.2769 -0.3048 -0.9113
vn -0.0958 -0.4870 -0.8681
vn 0.0917 -0.6361 -0.7661
vn 0.4791 -0.7587 -0.4414
vn 0.6079 -0.7643 -0.2151
vn 0.6955 -0.7181 0.0258
vn 0.7359 -0.6230 0.2651
vn 0.7263 -0.4856 0.4865
vn 0.6673 -0.3150 0.6749
vn 0.5627 -0.1228 0.8175
vn 0.4197 0.0779 0.9043
vn 0.2479 0.2734 0.9294
vn 0.0590 0.4503 0.8909
vn -0.1340 0.5964 0.7914
vn -0.4799 0.7589 0.4402
vn -0.6090 0.7641 0.2127
vn -0.6964 0.7170 -0.0294
vn -0.7362 0.6209 -0.2693
vn -0.7256 0.4824 -0.4906
vn -0.6656 0.3111 -0.6784
vn -0.5602 0.1188 -0.8198
vn -0.4168 -0.0815 -0.9053
vn -0.2452 -0.2762 -0.9293
vn -0.0570 -0.4520 -0.8902
vn 0.1350 -0.5971 -0.7907
vn 0.5210 -0.7168 -0.4633
vn 0.6455 -0.7267 -0.2348
vn 0.7263 -0.6873 0.0097
vn 0.7577 -0.6012 0.2537
vn 0.7377 -0.4742 0.4806
vn 0.6674 -0.3148 0.6749
vn 0.5516 -0.1339 0.8233
vn 0.3981 0.0564 0.9156
vn 0.2172 0.2428 0.9454
vn 0.0214 0.4128 0.9106
vn -0.1759 0.5546 0.8133
vn -0.5218 0.7170 0.4622
vn -0.6466 0.7266 0.2323
vn -0.7271 0.6864 -0.0133
vn -0.7578 0.5993 -0.2580
vn -0.7368 0.4713 -0.4848
vn -0.6655 0.3113 -0.6784
vn -0.5489 0.1301 -0.8257
vn -0.3950 -0.0598 -0.9167
vn -0.2144 -0.2455 -0.9454
vn -0.0193 -0.4144 -0.9099
vn 0.1770 -0.5552 -0.8127
vn 0.5615 -0.6722 -0.4825
vn 0.6818 -0.6867 -0.2520
vn 0.7559 -0.6546 -0.0044
vn 0.7788 -0.5781 0.2437
vn 0.7486 -0.4622 0.4754
vn 0.6675 -0.3147 0.6748
vn 0.5409 -0.1457 0.8284
vn 0.3772 0.0334 0.9255
vn 0.1876 0.2102 0.9595
vn -0.0148 0.3728 0.9278
vn -0.2164 0.5100 0.8325
vn -0.5623 0.6724 0.4814
vn -0.6828 0.6866 0.2495
vn -0.7567 0.6538 0.0007
vn -0.7787 0.5763 -0.2481
vn -0.7475 0.4595 -0.4797
vn -0.6653 0.3114 -0.6785
vn -0.5379 0.1422 -0.8309
vn -0.3740 -0.0366 -0.9267
vn -0.1847 -0.2128 -0.9595
vn 0.0170 -0.3744 -0.9271
vn 0.2174 -0.5106 -0.8319
vn 0.6003 -0.6251 -0.4989
vn 0.7166 -0.6444 -0.2668
vn 0.7844 -0.6201 -0.0164
vn 0.7989 -0.5536 0.2352
vn 0.7591 -0.4494 0.4709
vn 0.6676 -0.3146 0.6748
vn 0.5306 -0.1582 0.8327
vn 0.3572 0.0091 0.9340
vn 0.1593 0.1758 0.9714
vn -0.0496 0.3306 0.9425
vn -0.2552 0.4628 0.8489
vn -0.6010 0.6253 0.4977
vn -0.7176 0.6444 0.2642
vn -0.7850 0.6194 0.0127
vn -0.7987 0.5520 -0.2396
vn -0.7578 0.4470 -0.4754
vn -0.6652 0.3115 -0.6785
vn -0.5274 0.1549 -0.8354
vn -0.3538 -0.0121 -0.9352
vn -0.1563 -0.1782 -0.9715
vn 0.0518 -0.3321 -0.9418
vn 0.2562 -0.4635 -0.8483
vn 0.6373 -0.5756 -0.5124
vn 0.7498 -0.6000 -0.2789
vn 0.8115 -0.5838 -0.0263
vn 0.8181 -0.5279 0.2282
vn 0.7691 -0.4360 0.4673
vn 0.6677 -0.3144 0.6747
vn 0.5208 -0.1713 0.8363
vn 0.3381 -0.0164 0.9409
vn 0.1323 0.1397 0.9813
vn -0.0827 0.2863 0.9546
vn -0.2921 0.4134 0.8624
vn -0.6380 0.5758 0.5113
vn -0.7507 0.6001 0.2763
vn -0.8120 0.5832 0.0225
vn -0.8177 0.5265 -0.2326
vn -0.7676 0.4338 -0.4718
vn -0.6651 0.3117 -0.6786
vn -0.5174 0.1683 -0.8390
vn -0.3346 0.0136 -0.9423
vn -0.1292 -0.1419 -0.9814
vn 0.0849 -0.2877 -0.9539
vn 0.2932 -0.4140 -0.8618
vn 0.6722 -0.5240 -0.5230
vn 0.7812 -0.5537 -0.2884
vn 0.8371 -0.5459 -0.0341
vn 0.8363 -0.5010 0.2227
vn 0.7786 -0.4221 0.4644
vn 0.6678 -0.3143 0.6747
vn 0.5115 -0.1850 0.8391
vn 0.3201 -0.0430 0.9464
vn 0.1068 0.1020 0.9890
vn -0.1140 0.2401 0.9640
vn -0.3271 0.3618 0.8730
vn -0.6729 0.5243 0.5218
vn -0.7820 0.5539 0.2858
vn -0.8375 0.5455 0.0303
vn -0.8357 0.4999 -0.2272
vn -0.7769 0.4202 -0.4690
vn -0.6650 0.3118 -0.6786
vn -0.5080 0.1823 -0.8419
vn -0.3164 0.0404 -0.9477
vn -0.1035 -0.1041 -0.9892
vn 0.1163 -0.2414 -0.9634
vn 0.3282 -0.3624 -0.8723
vn 0.7051 -0.4705 -0.5306
vn 0.8106 -0.5058 -0.2952
vn 0.8612 -0.5067 -0.0396
vn 0.8533 -0.4732 0.2187
vn 0.7875 -0.4076 0.4624
vn 0.6679 -0.3141 0.6747
vn 0.5028 -0.1992 0.8411
vn 0.3032 -0.0706 0.9503
vn 0.0828 0.0629 0.9946
vn -0.1434 0.1922 0.9708
vn -0.3599 0.3083 0.8806
vn -0.7058 0.4708 0.5294
vn -0.8114 0.5059 0.2926
vn -0.8615 0.5065 0.0358
vn -0.8527 0.4723 -0.2233
vn -0.7856 0.4060 -0.4670
vn -0.6649 0.3120 -0.6786
vn -0.4991 0.1967 -0.8439
vn -0.2994 0.0682 -0.9517
vn -0.0795 -0.0648 -0.9947
vn 0.1457 -0.1934 -0.9702
vn 0.3610 -0.3089 -0.8799
vn 0.7356 -0.4153 -0.5351
vn 0.8380 -0.4563 -0.2993
vn 0.8836 -0.4663 -0.0430
vn 0.8692 -0.4446 0.2163
vn 0.7957 -0.3927 0.4611
vn 0.6680 -0.3140 0.6747
vn 0.4947 -0.2139 0.8424
vn 0.2875 -0.0990 0.9527
vn 0.0605 0.0226 0.9979
vn -0.1708 0.1427 0.9749
vn -0.3904 0.2532 0.8851
vn -0.7363 0.4156 0.5340
vn -0.8388 0.4565 0.2967
vn -0.8838 0.4662 0.0391
vn -0.8684 0.4439 -0.2209
vn -0.7937 0.3913 -0.4658
vn -0.6649 0.3121 -0.6786
vn -0.4908 0.2117 -0.8452
vn -0.2835 0.0969 -0.9541
vn -0.0571 -0.0244 -0.9981
vn 0.1731 -0.1440 -0.9743
vn 0.3915 -0.2537 -0.8845
s 1
f 1//1 25//25 26//26 2//2
f 2//2 26//26 27//27 3//3
f 3//3 27//27 28//28 4//4
f 4//4 28//28 29//29 5//5
f 5//5 29//29 30//30 6//6
f 6//6 30//30 31//31 7//7
f 7//7 31//31 32//32 8//8
f 8//8 32//32 33//33 9//9
f 9//9 33//33 34//34 10//10
f 10//10 34//34 35//35 11//11
f 11//11 35//35 36//36 12//12
f 12//12 36//36 37//37 13//13
f 13//13 37//37 38//38 14//14
f 14//14 38//38 39//39 15//15
f 15//15 39//39 40//40 16//16
f 16//16 40//40 41//41 17//17
f 17//17 41//41 42//42 18//18
f 18//18 42//42 43//43 19//19
f 19//19 43//43 44//44 20//20
f 20//20 44//44 45//45 21//21
f 21//21 45//45 46//46 22//22
f 22//22 46//46 47//47 23//23
f 23//23 47//47 48//48 24//24
f 24//24 48//48 25//25 1//1
f 25//25 49//49 50//50 26//26
f 26//26 50//50 51//51 27//27
f 27//27 51//51 52//52 28//28
f 28//28 52//52 53//53 29//29
f 29//29 53//53 54//54 30//30
f 30//30 54//54 55//55 31//31
f 31//31 55//55 56//56 32//32
f 32//32 56//56 57//57 33//33
f 33//33 57//57 58//58 34//34
f 34//34 58//58 59//59 35//35
f 35//35 59//59 60//60 36//36
f 36//36 60//60 61//61 37//37
f 37//37 61//61 62//62 38//38
f 38//38 62//62 63//63 39//39
f 39//39 63//63 64//64 40//40
f 40//40 64//64 65//65 41//41
f 41//41 65//65 66//66 42//42
f 42//42 66//66 67//67 43//43
f 43//43 67//67 68//68 44//44
f 44//44 68//68 69//69 45//45
f 45//45 69//69 70//70 46//46
f 46//46 70//70 71//71 47//47
f 47//47 71//71 72//72 48//48
f 48//48 72//72 49//49 25//25
f 49//49 73//73 74//74 50//50
f 50//50 74//74 75//75 51//51
f 51//51 75//75 76//76 52//52
f 52//52 76//76 77//77 53//53
f 53//53 77//77 78//78 54//54
f 54//54 78//78 79//79 55//55
f 55//55 79//79 80//80 56//56
f 56//56 80//80 81//81 57//57
f 57//57 81//81 82//82 58//58
f 58//58 82//82 83//83 59//59
f 59//59 83//83 84//84 60//60
f 60//60 84//84 85//85 61//61
f 61//61 85//85 86//86 62//62
f 62//62 86//86 87//87 63//63
f 63//63 87//87 88//88 64//64
f 64//64 88//88 89//89 65//65
f 65//65 89//89 90//90 66//66
f 66//66 90//90 91//91 67//67
f 67//67 91//91 92//92 68//68
f 68//68 92//92 93//93 69//69
f 69//69 93//93 94//94 70//70
f 70//70 94//94 95//95 71//71
f 71//71 95//95 96//96 72//72
f 72//72 96//96 73//73 49//49
f 73//73 97//97 98//98 74//74
f 74//74 98//98 99//99 75//75
f 75//75 99//99 100//100 76//76
f 76//76 100//100 101//101 77//77
f 77//77 101//101 102//102 78//78
f 78//78 102//102 103//103 79//79
f 79//79 103//103 104//104 80//80
f 80//80 104//104 105//105 81//81
f 81//81 105//105 106//106 82//82
f 82//82 106//106 107//107 83//83
f 83//83 107//107 108//108 84//84
f 84//84 108//108 109//109 85//85
f 85//85 109//109 110//110 86//86
f 86//86 110//110 111//111 87//87
f 87//87 111//111 112//112 88//88
f 88//88 112//112 113//113 89//89
f 89//89 113//113 114//114 90//90
f 90//90 114//114 115//115 91//91
f 91//91 115//115 116//116 92//92
f 92//92 116//116 117//117 93//93
f 93//93 117//117 118//118 94//94
f 94//94 118//118 119//119 95//95
f 95//95 119//119 120//120 96//96
f 96//96 120//120 97//97 73//73
f 97//97 121//121 122//122 98//98
f 98//98 122//122 123//123 99//99
f 99//99 123//123 124//124 100//100
f 100//100 124//124 125//125 101//101
f 101//101 125//125 126//126 102//102
f 102//102 126//126 127//127 103//103
f 103//103 127//127 128//128 104//104
f 104//104 128//128 129//129 105//105
f 105//105 129//129 130//130 106//106
f 106//106 130//130 131//131 107//107
f 107//107 131//131 132//132 108//108
f 108//108 132//132 133//133 109//109
f 109//109 133//133 134//134 110//110
f 110//110 134//134 135//135 111//111
f 111//111 135//135 136//136 112//112
f 112//112 136//136 137//137 113//113
f 113//113 137//137 138//138 114//114
f 114//114 138//138 139//139 115//115
f 115//115 139//139 140//140 116//116
f 116//116 140//140 141//141 117//117
f 117//117 141//141 142//142 118//118
f 118//118 142//142 143//143 119//119
f 119//119 143//143 144//144 120//120
f 120//120 144//144 121//121 97//97
f 121//121 145//145 146//146 122//122
f 122//122 146//146 147//147 123//123
f 123//123 147//147 148//148 124//124
f 124//124 148//148 149//149 125//125
f 125//125 149//149 150//150 126//126
f 126//126 150//150 151//151 127//127
f 127//127 151//151 152//152 128//128
f 128//128 152//152 153//153 129//129
f 129//129 153//153 154//154 130//130
f 130//130 154//154 155//155 131//131
f 131//131 155//155 156//156 132//132
f 132//132 156//156 157//157 133//133
f 133//133 157//157 158//158 134//134
f 134//134 158//158 159//159 135//135
f 135//135 159//159 160//160 136//136
f 136//136 160//160 161//161 137//137
f 137//137 161//161 162//162 138//138
f 138//138 162//162 163//163 139//139
f 139//139 163//163 164//164 140//140
f 140//140 164//164 165//165 141//141
f 141//141 165//165 166//166 142//142
f 142//142 166//166 167//167 143//143
f 143//143 167//167 168//168 144//144
f 144//144 168//168 145//145 121//121
f 145//145 169//169 170//170 146//146
f 146//146 170//170 171//171 147//147
f 147//147 171//171 172//172 148//148
f 148//148 172//172 173//173 149//149
f 149//149 173//173 174//174 150//150
f 150//150 174//174 175//175 151//151
f 151//151 175//175 176//176 152//152
f 152//152 176//176 177//177 153//153
f 153//153 177//177 178//178 154//154
f 154//154 178//178 179//179 155//155
f 155//155 179//179 180//180 156//156
f 156//156 180//180 181//181 157//157
f 157//157 181//181 182//182 158//158
f 158//158 182//182 183//183 159//159
f 159//159 183//183 184//184 160//160
f 160//160 184//184 185//185 161//161
f 161//161 185//185 186//186 162//162
f 162//162 186//186 187//187 163//163
f 163//163 187//187 188//188 164//164
f 164//164 188//188 189//189 165//165
f 165//165 189//189 190//190 166//166
f 166//166 190//190 191//191 167//167
f 167//167 191//191 192//192 168//168
f 168//168 192//192 169//169 145//145
f 169//169 193//193 194//194 170//170
f 170//170 194//194 195//195 171//171
f 171//171 195//195 196//196 172//172
f 172//172 196//196 197//197 173//173
f 173//173 197//197 198//198 174//174
f 174//174 198//198 199//199 175//175
f 175//175 199//199 200//200 176//176
f 176//176 200//200 201//201 177//177
f 177//177 201//201 202//202 178//178
f 178//178 202//202 203//203 179//179
f 179//179 203//203 204//204 180//180
f 180//180 204//204 205//205 181//181
f 181//181 205//205 206//206 182//182
f 182//182 206//206 207//207 183//183
f 183//183 207//207 208//208 184//184
f 184//184 208//208 209//209 185//185
f 185//185 209//209 210//210 186//186
f 186//186 210//210 211//211 187//187
f 187//187 211//211 212//212 188//188
f 188//188 212//212 213//213 189//189
f 189//189 213//213 214//214 190//190
f 190//190 214//214 215//215 191//191
f 191//191 215//215 216//216 192//192
f 192//192 216//216 193//193 169//169
f 193//193 217//217 218//218 194//194
f 194//194 218//218 219//219 195//195
f 195//195 219//219 220//220 196//196
f 196//196 220//220 221//221 197//197
f 197//197 221//221 222//222 198//198
f 198//198 222//222 223//223 199//199
f 199//199 223//223 224//224 200//200
f 200//200 224//224 225//225 201//201
f 201//201 225//225 226//226 202//202
f 202//202 226//226 227//227 203//203
f 203//203 227//227 228//228 204//204
f 204//204 228//228 229//229 205//205
f 205//205 229//229 230//230 206//206
f 206//206 230//230 231//231 207//207
f 207//207 231//231 232//232 208//208
f 208//208 232//232 233//233 209//209
f 209//209 233//233 234//234 210//210
f 210//210 234//234 235//235 211//211
f 211//211 235//235 236//236 212//212
f 212//212 236//236 237//237 213//213
f 213//213 237//237 238//238 214//214
f 214//214 238//238 239//239 215//215
f 215//215 239//239 240//240 216//216
f 216//216 240//240 217//217 193//193
f 217//217 241//241 242//242 218//218
f 218//218 242//242 243//243 219//219
f 219//219 243//243 244//244 220//220
f 220//220 244//244 245//245 221//221
f 221//221 245//245 246//246 222//222
f 222//222 246//246 247//247 223//223
f 223//223 247//247 248//248 224//224
f 224//224 248//248 249//249 225//225
f 225//225 249//249 250//250 226//226
f 226//226 250//250 251//251 227//227
f 227//227 251//251 252//252 228//228
f 228//228 252//252 253//253 229//229
f 229//229 253//253 254//254 230//230
f 230//230 254//254 255//255 231//231
f 231//231 255//255 256//256 232//232
f 232//232 256//256 257//257 233//233
f 233//233 257//257 258//258 234//234
f 234//234 258//258 259//259 235//235
f 235//235 259//259 260//260 236//236
f 236//236 260//260 261//261 237//237
f 237//237 261//261 262//262 238//238
f 238//238 262//262 263//263 239//239
f 239//239 263//263 264//264 240//240
f 240//240 264//264 241//241 217//217
f 241//241 265//265 266//266 242//242
f 242//242 266//266 267//267 243//243
f 243//243 267//267 268//268 244//244
f 244//244 268//268 269//269 245//245
f 245//245 269//269 270//270 246//246
f 246//246 270//270 271//271 247//247
f 247//247 271//271 272//272 248//248
f 248//248 272//272 273//273 249//249
f 249//249 273//273 274//274 250//250
f 250//250 274//274 275//275 251//251
f 251//251 275//275 276//276 252//252
f 252//252 276//276 277//277 253//253
f 253//253 277//277 278//278 254//254
f 254//254 278//278 279//279 255//255
f 255//255 279//279 280//280 256//256
f 256//256 280//280 281//281 257//257
f 257//257 281//281 282//282 258//258
f 258//258 282//282 283//283 259//259
f 259//259 283//283 284//284 260//260
f 260//260 284//284 285//285 261//261
f 261//261 285//285 286//286 262//262
f 262//262 286//286 287//287 263//263
f 263//263 287//287 288//288 264//264
f 264//264 288//288 265//265 241//241
f 265//265 289//289 290//290 266//266
f 266//266 290//290 291//291 267//267
f 267//267 291//291 292//292 268//268
f 268//268 292//292 293//293 269//269
f 269//269 293//293 294//294 270//270
f 270//270 294//294 295//295 271//271
f 271//271 295//295 296//296 272//272
f 272//272 296//296 297//297 273//273
f 273//273 297//297 298//298 274//274
f 274//274 298//298 299//299 275//275
f 275//275 299//299 300//300 276//276
f 276//276 300//300 301//301 277//277
f 277//277 301//301 302//302 278//278
f 278//278 302//302 303//303 279//279
f 279//279 303//303 304//304 280//280
f 280//280 304//304 305//305 281//281
f 281//281 305//305 306//306 282//282
f 282//282 306//306 307//307 283//283
f 283//283 307//307 308//308 284//284
f 284//284 308//308 309//309 285//285
f 285//285 309//309 310//310 286//286
f 286//286 310//310 311//311 287//287
f 287//287 311//311 312//312 288//288
f 288//288 312//312 289//289 265//265
f 289//289 313//313 314//314 290//290
f 290//290 314//314 315//315 291//291
f 291//291 315//315 316//316 292//292
f 292//292 316//316 317//317 293//293
f 293//293 317//317 318//318 294//294
f 294//294 318//318 319//319 295//295
f 295//295 319//319 320//320 296//296
f 296//296 320//320 321//321 297//297
f 297//297 321//321 322//322 298//298
f 298//298 322//322 323//323 299//299
f 299//299 323//323 324//324 300//300
f 300//300 324//324 325//325 301//301
f 301//301 325//325 326//326 302//302
f 302//302 326//326 327//327 303//303
f 303//303 327//327 328//328 304//304
f 304//304 328//328 329//329 305//305
f 305//305 329//329 330//330 306//306
f 306//306 330//330 331//331 307//307
f 307//307 331//331 332//332 308//308
f 308//308 332//332 333//333 309//309
f 309//309 333//333 334//334 310//310
f 310//310 334//334 335//335 311//311
f 311//311 335//335 336//336 312//312
f 312//312 336//336 313//313 289//289
f 313//313 337//337 338//338 314//314
f 314//314 338//338 339//339 315//315
f 315//315 339//339 340//340 316//316
f 316//316 340//340 341//341 317//317
f 317//317 341//341 342//342 318//318
f 318//318 342//342 343//343 319//319
f 319//319 343//343 344//344 320//320
f 320//320 344//344 345//345 321//321
f 321//321 345//345 346//346 322//322
f 322//322 346//346 347//347 323//323
f 323//323 347//347 348//348 324//324
f 324//324 348//348 349//349 325//325
f 325//325 349//349 350//350 326//326
f 326//326 350//350 351//351 327//327
f 327//327 351//351 352//352 328//328
f 328//328 352//352 353//353 329//329
f 329//329 353//353 354//354 330//330
f 330//330 354//354 355//355 331//331
f 331//331 355//355 356//356 332//332
f 332//332 356//356 357//357 333//333
f 333//333 357//357 358//358 334//334
f 334//334 358//358 359//359 335//335
f 335//335 359//359 360//360 336//336
f 336//336 360//360 337//337 313//313
f 337//337 361//361 362//362 338//338
f 338//338 362//362 363//363 339//339
f 339//339 363//363 364//364 340//340
f 340//340 364//364 365//365 341//341
f 341//341 365//365 366//366 342//342
f 342//342 366//366 367//367 343//343
f 343//343 367//367 368//368 344//344
f 344//344 368//368 369//369 345//345
f 345//345 369//369 370//370 346//346
f 346//346 370//370 371//371 347//347
f 347//347 371//371 372//372 348//348
f 348//348 372//372 373//373 349//349
f 349//349 373//373 374//374 350//350
f 350//350 374//374 375//375 351//351
f 351//351 375//375 376//376 352//352
f 352//352 376//376 377//377 353//353
f 353//353 377//377 378//378 354//354
f 354//354 378//378 379//379 355//355
f 355//355 379//379 380//380 356//356
f 356//356 380//380 381//381 357//357
f 357//357 381//381 382//382 358//358
f 358//358 382//382 383//383 359//359
f 359//359 383//383 384//384 360//360
f 360//360 384//384 361//361 337//337
f 361//361 385//385 386//386 362//362
f 362//362 386//386 387//387 363//363
f 363//363 387//387 388//388 364//364
f 364//364 388//388 389//389 365//365
f 365//365 389//389 390//390 366//366
f 366//366 390//390 391//391 367//367
f 367//367 391//391 392//392 368//368
f 368//368 392//392 393//393 369//369
f 369//369 393//393 394//394 370//370
f 370//370 394//394 395//395 371//371
f 371//371 395//395 396//396 372//372
f 372//372 396//396 397//397 373//373
f 373//373 397//397 398//398 374//374
f 374//374 398//398 399//399 375//375
f 375//375 399//399 400//400 376//376
f 376//376 400//400 401//401 377//377
f 377//377 401//401 402//402 378//378
f 378//378 402//402 403//403 379//379
f 379//379 403//403 404//404 380//380
f 380//380 404//404 405//405 381//381
f 381//381 405//405 406//406 382//382
f 382//382 406//406 407//407 383//383
f 383//383 407//407 408//408 384//384
f 384//384 408//408 385//385 361//361
f 385//385 409//409 410//410 386//386
f 386//386 410//410 411//411 387//387
f 387//387 411//411 412//412 388//388
f 388//388 412//412 413//413 389//389
f 389//389 413//413 414//414 390//390
f 390//390 414//414 415//415 391//391
f 391//391 415//415 416//416 392//392
f 392//392 416//416 417//417 393//393
f 393//393 417//417 418//418 394//394
f 394//394 418//418 419//419 395//395
f 395//395 419//419 420//420 396//396
f 396//396 420//420 421//421 397//397
f 397//397 421//421 422//422 398//398
f 398//398 422//422 423//423 399//399
f 399//399 423//423 424//424 400//400
f 400//400 424//424 425//425 401//401
f 401//401 425//425 426//426 402//402
f 402//402 426//426 427//427 403//403
f 403//403 427//427 428//428 404//404
f 404//404 428//428 429//429 405//405
f 405//405 429//429 430//430 406//406
f 406//406 430//430 431//431 407//407
f 407//407 431//431 432//432 408//408
f 408//408 432//432 409//409 385//385
f 409//409 433//433 434//434 410//410
f 410//410 434//434 435//435 411//411
f 411//411 435//435 436//436 412//412
f 412//412 436//436 437//437 413//413
f 413//413 437//437 438//438 414//414
f 414//414 438//438 439//439 415//415
f 415//415 439//439 440//440 416//416
f 416//416 440//440 441//441 417//417
f 417//417 441//441 442//442 418//418
f 418//418 442//442 443//443 419//419
f 419//419 443//443 444//444 420//420
f 420//420 444//444 445//445 421//421
f 421//421 445//445 446//446 422//422
f 422//422 446//446 447//447 423//423
f 423//423 447//447 448//448 424//424
f 424//424 448//448 449//449 425//425
f 425//425 449//449 450//450 426//426
f 426//426 450//450 451//451 427//427
f 427//427 451//451 452//452 428//428
f 428//428 452//452 453//453 429//429
f 429//429 453//453 454//454 430//430
f 430//430 454//454 455//455 431//431
f 431//431 455//455 456//456 432//432
f 432//432 456//456 433//433 409//409
f 433//433 457//457 458//458 434//434
f 434//434 458//458 459//459 435//435
f 435//435 459//459 460//460 436//436
f 436//436 460//460 461//461 437//437
f 437//437 461//461 462//462 438//438
f 438//438 462//462 463//463 439//439
f 439//439 463//463 464//464 440//440
f 440//440 464//464 465//465 441//441
f 441//441 465//465 466//466 442//442
f 442//442 466//466 467//467 443//443
f 443//443 467//467 468//468 444//444
f 444//444 468//468 469//469 445//445
f 445//445 469//469 470//470 446//446
f 446//446 470//470 471//471 447//447
f 447//447 471//471 472//472 448//448
f 448//448 472//472 473//473 449//449
f 449//449 473//473 474//474 450//450
f 450//450 474//474 475//475 451//451
f 451//451 475//475 476//476 452//452
f 452//452 476//476 477//477 453//453
f 453//453 477//477 478//478 454//454
f 454//454 478//478 479//479 455//455
f 455//455 479//479 480//480 456//456
f 456//456 480//480 457//457 433//433
f 457//457 481//481 482//482 458//458
f 458//458 482//482 483//483 459//459
f 459//459 483//483 484//484 460//460
f 460//460 484//484 485//485 461//461
f 461//461 485//485 486//486 462//462
f 462//462 486//486 487//487 463//463
f 463//463 487//487 488//488 464//464
f 464//464 488//488 489//489 465//465
f 465//465 489//489 490//490 466//466
f 466//466 490//490 491//491 467//467
f 467//467 491//491 492//492 468//468
f 468//468 492//492 493//493 469//469
f 469//469 493//493 494//494 470//470
f 470//470 494//494 495//495 471//471
f 471//471 495//495 496//496 472//472
f 472//472 496//496 497//497 473//473
f 473//473 497//497 498//498 474//474
f 474//474 498//498 499//499 475//475
f 475//475 499//499 500//500 476//476
f 476//476 500//500 501//501 477//477
f 477//477 501//501 502//502 478//478
f 478//478 502//502 503//503 479//479
f 479//479 503//503 504//504 480//480
f 480//480 504//504 481//481 457//457
f 481//481 505//505 506//506 482//482
f 482//482 506//506 507//507 483//483
f 483//483 507//507 508//508 484//484
f 484//484 508//508 509//509 485//485
f 485//485 509//509 510//510 486//486
f 486//486 510//510 511//511 487//487
f 487//487 511//511 512//512 488//488
f 488//488 512//512 513//513 489//489
f 489//489 513//513 514//514 490//490
f 490//490 514//514 515//515 491//491
f 491//491 515//515 516//516 492//492
f 492//492 516//516 517//517 493//493
f 493//493 517//517 518//518 494//494
f 494//494 518//518 519//519 495//495
f 495//495 519//519 520//520 496//496
f 496//496 520//520 521//521 497//497
f 497//497 521//521 522//522 498//498
f 498//498 522//522 523//523 499//499
f 499//499 523//523 524//524 500//500
f 500//500 524//524 525//525 501//501
f 501//501 525//525 526//526 502//502
f 502//502 526//526 527//527 503//503
f 503//503 527//527 528//528 504//504
f 504//504 528//528 505//505 481//481
f 505//505 529//529 530//530 506//506
f 506//506 530//530 531//531 507//507
f 507//507 531//531 532//532 508//508
f 508//508 532//532 533//533 509//509
f 509//509 533//533 534//534 510//510
f 510//510 534//534 535//535 511//511
f 511//511 535//535 536//536 512//512
f 512//512 536//536 537//537 513//513
f 513//513 537//537 538//538 514//514
f 514//514 538//538 539//539 515//515
f 515//515 539//539 540//540 516//516
f 516//516 540//540 541//541 517//517
f 517//517 541//541 542//542 518//518
f 518//518 542//542 543//543 519//519
f 519//519 543//543 544//544 520//520
f 520//520 544//544 545//545 521//521
f 521//521 545//545 546//546 522//522
f 522//522 546//546 547//547 523//523
f 523//523 547//547 548//548 524//524
f 524//524 548//548 549//549 525//525
f 525//525 549//549 550//550 526//526
f 526//526 550//550 551//551 527//527
f 527//527 551//551 552//552 528//528
f 528//528 552//552 529//529 505//505
f 529//529 553//553 554//554 530//530
f 530//530 554//554 555//555 531//531
f 531//531 555//555 556//556 532//532
f 532//532 556//556 557//557 533//533
f 533//533 557//557 558//558 534//534
f 534//534 558//558 559//559 535//535
f 535//535 559//559 560//560 536//536
f 536//536 560//560 561//561 537//537
f 537//537 561//561 562//562 538//538
f 538//538 562//562 563//563 539//539
f 539//539 563//563 564//564 540//540
f 540//540 564//564 565//565 541//541
f 541//541 565//565 566//566 542//542
f 542//542 566//566 567//567 543//543
f 543//543 567//567 568//568 544//544
f 544//544 568//568 569//569 545//545
f 545//545 569//569 570//570 546//546
f 546//546 570//570 571//571 547//547
f 547//547 571//571 572//572 548//548
f 548//548 572//572 573//573 549//549
f 549//549 573//573 574//574 550//550
f 550//550 574//574 575//575 551//551
f 551//551 575//575 576//576 552//552
f 552//552 576//576 553//553 529//529
f 553//553 577//577 578//578 554//554
f 554//554 578//578 579//579 555//555
f 555//555 579//579 580//580 556//556
f 556//556 580//580 581//581 557//557
f 557//557 581//581 582//582 558//558
f 558//558 582//582 583//583 559//559
f 559//559 583//583 584//584 560//560
f 560//560 584//584 585//585 561//561
f 561//561 585//585 586//586 562//562
f 562//562 586//586 587//587 563//563
f 563//563 587//587 588//588 564//564
f 564//564 588//588 589//589 565//565
f 565//565 589//589 590//590 566//566
f 566//566 590//590 591//591 567//567
f 567//567 591//591 592//592 568//568
f 568//568 592//592 593//593 569//569
f 569//569 593//593 594//594 570//570
f 570//570 594//594 595//595 571//571
f 571//571 595//595 596//596 572//572
f 572//572 596//596 597//597 573//573
f 573//573 597//597 598//598 574//574
f 574//574 598//598 599//599 575//575
f 575//575 599//599 600//600 576//576
f 576//576 600//600 577//577 553//553
f 577//577 601//601 602//602 578//578
f 578//578 602//602 603//603 579//579
f 579//579 603//603 604//604 580//580
f 580//580 604//604 605//605 581//581
f 581//581 605//605 606//606 582//582
f 582//582 606//606 607//607 583//583
f 583//583 607//607 608//608 584//584
f 584//584 608//608 609//609 585//585
f 585//585 609//609 610//610 586//586
f 586//586 610//610 611//611 587//587
f 587//587 611//611 612//612 588//588
f 588//588 612//612 613//613 589//589
f 589//589 613//613 614//614 590//590
f 590//590 614//614 615//615 591//591
f 591//591 615//615 616//616 592//592
f 592//592 616//616 617//617 593//593
f 593//593 617//617 618//618 594//594
f 594//594 618//618 619//619 595//595
f 595//595 619//619 620//620 596//596
f 596//596 620//620 621//621 597//597
f 597//597 621//621 622//622 598//598
f 598//598 622//622 623//623 599//599
f 599//599 623//623 624//624 600//600
f 600//600 624//624 601//601 577//577
f 601//601 625//625 626//626 602//602
f 602//602 626//626 627//627 603//603
f 603//603 627//627 628//628 604//604
f 604//604 628//628 629//629 605//605
f 605//605 629//629 630//630 606//606
f 606//606 630//630 631//631 607//607
f 607//607 631//631 632//632 608//608
f 608//608 632//632 633//633 609//609
f 609//609 633//633 634//634 610//610
f 610//610 634//634 635//635 611//611
f 611//611 635//635 636//636 612//612
f 612//612 636//636 637//637 613//613
f 613//613 637//637 638//638 614//614
f 614//614 638//638 639//639 615//615
f 615//615 639//639 640//640 616//616
f 616//616 640//640 641//641 617//617
f 617//617 641//641 642//642 618//618
f 618//618 642//642 643//643 619//619
f 619//619 643//643 644//644 620//620
f 620//620 644//644 645//645 621//621
f 621//621 645//645 646//646 622//622
f 622//622 646//646 647//647 623//623
f 623//623 647//647 648//648 624//624
f 624//624 648//648 625//625 601//601
f 625//625 649//649 650//650 626//626
f 626//626 650//650 651//651 627//627
f 627//627 651//651 652//652 628//628
f 628//628 652//652 653//653 629//629
f 629//629 653//653 654//654 630//630
f 630//630 654//654 655//655 631//631
f 631//631 655//655 656//656 632//632
f 632//632 656//656 657//657 633//633
f 633//633 657//657 658//658 634//634
f 634//634 658//658 659//659 635//635
f 635//635 659//659 660//660 636//636
f 636//636 660//660 661//661 637//637
f 637//637 661//661 662//662 638//638
f 638//638 662//662 663//663 639//639
f 639//639 663//663 664//664 640//640
f 640//640 664//664 665//665 641//641
f 641//641 665//665 666//666 642//642
f 642//642 666//666 667//667 643//643
f 643//643 667//667 668//668 644//644
f 644//644 668//668 669//669 645//645
f 645//645 669//669 670//670 646//646
f 646//646 670//670 671//671 647//647
f 647//647 671//671 672//672 648//648
f 648//648 672//672 649//649 625//625
f 649//649 673//673 674//674 650//650
f 650//650 674//674 675//675 651//651
f 651//651 675//675 676//676 652//652
f 652//652 676//676 677//677 653//653
f 653//653 677//677 678//678 654//654
f 654//654 678//678 679//679 655//655
f 655//655 679//679 680//680 656//656
f 656//656 680//680 681//681 657//657
f 657//657 681//681 682//682 658//658
f 658//658 682//682 683//683 659//659
f 659//659 683//683 684//684 660//660
f 660//660 684//684 685//685 661//661
f 661//661 685//685 686//686 662//662
f 662//662 686//686 687//687 663//663
f 663//663 687//687 688//688 664//664
f 664//664 688//688 689//689 665//665
f 665//665 689//689 690//690 666//666
f 666//666 690//690 691//691 667//667
f 667//667 691//691 692//692 668//668
f 668//668 692//692 693//693 669//669
f 669//669 693//693 694//694 670//670
f 670//670 694//694 695//695 671//671
f 671//671 695//695 696//696 672//672
f 672//672 696//696 673//673 649//649
f 673//673 697//697 698//698 674//674
f 674//674 698//698 699//699 675//675
f 675//675 699//699 700//700 676//676
f 676//676 700//700 701//701 677//677
f 677//677 701//701 702//702 678//678
f 678//678 702//702 703//703 679//679
f 679//679 703//703 704//704 680//680
f 680//680 704//704 705//705 681//681
f 681//681 705//705 706//706 682//682
f 682//682 706//706 707//707 683//683
f 683//683 707//707 708//708 684//684
f 684//684 708//708 709//709 685//685
f 685//685 709//709 710//710 686//686
f 686//686 710//710 711//711 687//687
f 687//687 711//711 712//712 688//688
f 688//688 712//712 713//713 689//689
f 689//689 713//713 714//714 690//690
f 690//690 714//714 715//715 691//691
f 691//691 715//715 716//716 692//692
f 692//692 716//716 717//717 693//693
f 693//693 717//717 718//718 694//694
f 694//694 718//718 719//719 695//695
f 695//695 719//719 720//720 696//696
f 696//696 720//720 697//697 673//673
f 697//697 721//721 722//722 698//698
f 698//698 722//722 723//723 699//699
f 699//699 723//723 724//724 700//700
f 700//700 724//724 725//725 701//701
f 701//701 725//725 726//726 702//702
f 702//702 726//726 727//727 703//703
f 703//703 727//727 728//728 704//704
f 704//704 728//728 729//729 705//705
f 705//705 729//729 730//730 706//706
f 706//706 730//730 731//731 707//707
f 707//707 731//731 732//732 708//708
f 708//708 732//732 733//733 709//709
f 709//709 733//733 734//734 710//710
f 710//710 734//734 735//735 711//711
f 711//711 735//735 736//736 712//712
f 712//712 736//736 737//737 713//713
f 713//713 737//737 738//738 714//714
f 714//714 738//738 739//739 715//715
f 715//715 739//739 740//740 716//716
f 716//716 740//740 741//741 717//717
f 717//717 741//741 742//742 718//718
f 718//718 742//742 743//743 719//719
f 719//719 743//743 744//744 720//720
f 720//720 744//744 721//721 697//697
f 721//721 745//745 746//746 722//722
f 722//722 746//746 747//747 723//723
f 723//723 747//747 748//748 724//724
f 724//724 748//748 749//749 725//725
f 725//725 749//749 750//750 726//726
f 726//726 750//750 751//751 727//727
f 727//727 751//751 752//752 728//728
f 728//728 752//752 753//753 729//729
f 729//729 753//753 754//754 730//730
f 730//730 754//754 755//755 731//731
f 731//731 755//755 756//756 732//732
f 732//732 756//756 757//757 733//733
f 733//733 757//757 758//758 734//734
f 734//734 758//758 759//759 735//735
f 735//735 759//759 760//760 736//736
f 736//736 760//760 761//761 737//737
f 737//737 761//761 762//762 738//738
f 738//738 762//762 763//763 739//739
f 739//739 763//763 764//764 740//740
f 740//740 764//764 765//765 741//741
f 741//741 765//765 766//766 742//742
f 742//742 766//766 767//767 743//743
f 743//743 767//767 768//768 744//744
f 744//744 768//768 745//745 721//721
f 745//745 769//769 770//770 746//746
f 746//746 770//770 771//771 747//747
f 747//747 771//771 772//772 748//748
f 748//748 772//772 773//773 749//749
f 749//749 773//773 774//774 750//750
f 750//750 774//774 775//775 751//751
f 751//751 775//775 776//776 752//752
f 752//752 776//776 777//777 753//753
f 753//753 777//777 778//778 754//754
f 754//754 778//778 779//779 755//755
f 755//755 779//779 780//780 756//756
f 756//756 780//780 781//781 757//757
f 757//757 781//781 782//782 758//758
f 758//758 782//782 783//783 759//759
f 759//759 783//783 784//784 760//760
f 760//760 784//784 785//785 761//761
f 761//761 785//785 786//786 762//762
f 762//762 786//786 787//787 763//763
f 763//763 787//787 788//788 764//764
f 764//764 788//788 789//789 765//765
f 765//765 789//789 790//790 766//766
f 766//766 790//790 791//791 767//767
f 767//767 791//791 792//792 768//768
f 768//768 792//792 769//769 745//745
f 769//769 793//793 794//794 770//770
f 770//770 794//794 795//795 771//771
f 771//771 795//795 796//796 772//772
f 772//772 796//796 797//797 773//773
f 773//773 797//797 798//798 774//774
f 774//774 798//798 799//799 775//775
f 775//775 799//799 800//800 776//776
f 776//776 800//800 801//801 777//777
f 777//777 801//801 802//802 778//778
f 778//778 802//802 803//803 779//779
f 779//779 803//803 804//804 780//780
f 780//780 804//804 805//805 781//781
f 781//781 805//805 806//806 782//782
f 782//782 806//806 807//807 783//783
f 783//783 807//807 808//808 784//784
f 784//784 808//808 809//809 785//785
f 785//785 809//809 810//810 786//786
f 786//786 810//810 811//811 787//787
f 787//787 811//811 812//812 788//788
f 788//788 812//812 813//813 789//789
f 789//789 813//813 814//814 790//790
f 790//790 814//814 815//815 791//791
f 791//791 815//815 816//816 792//792
f 792//792 816//816 793//793 769//769
f 793//793 817//817 818//818 794//794
f 794//794 818//818 819//819 795//795
f 795//795 819//819 820//820 796//796
f 796//796 820//820 821//821 797//797
f 797//797 821//821 822//822 798//798
f 798//798 822//822 823//823 799//799
f 799//799 823//823 824//824 800//800
f 800//800 824//824 825//825 801//801
f 801//801 825//825 826//826 802//802
f 802//802 826//826 827//827 803//803
f 803//803 827//827 828//828 804//804
f 804//804 828//828 829//829 805//805
f 805//805 829//829 830//830 806//806
f 806//806 830//830 831//831 807//807
f 807//807 831//831 832//832 808//808
f 808//808 832//832 833//833 809//809
f 809//809 833//833 834//834 810//810
f 810//810 834//834 835//835 811//811
f 811//811 835//835 836//836 812//812
f 812//812 836//836 837//837 813//813
f 813//813 837//837 838//838 814//814
f 814//814 838//838 839//839 815//815
f 815//815 839//839 840//840 816//816
f 816//816 840//840 817//817 793//793
f 817//817 841//841 842//842 818//818
f 818//818 842//842 843//843 819//819
f 819//819 843//843 844//844 820//820
f 820//820 844//844 845//845 821//821
f 821//821 845//845 846//846 822//822
f 822//822 846//846 847//847 823//823
f 823//823 847//847 848//848 824//824
f 824//824 848//848 849//849 825//825
f 825//825 849//849 850//850 826//826
f 826//826 850//850 851//851 827//827
f 827//827 851//851 852//852 828//828
f 828//828 852//852 853//853 829//829
f 829//829 853//853 854//854 830//830
f 830//830 854//854 855//855 831//831
f 831//831 855//855 856//856 832//832
f 832//832 856//856 857//857 833//833
f 833//833 857//857 858//858 834//834
f 834//834 858//858 859//859 835//835
f 835//835 859//859 860//860 836//836
f 836//836 860//860 861//861 837//837
f 837//837 861//861 862//862 838//838
f 838//838 862//862 863//863 839//839
f 839//839 863//863 864//864 840//840
f 840//840 864//864 841//841 817//817
f 841//841 865//865 866//866 842//842
f 842//842 866//866 867//867 843//843
f 843//843 867//867 868//868 844//844
f 844//844 868//868 869//869 845//845
f 845//845 869//869 870//870 846//846
f 846//846 870//870 871//871 847//847
f 847//847 871//871 872//872 848//848
f 848//848 872//872 873//873 849//849
f 849//849 873//873 874//874 850//850
f 850//850 874//874 875//875 851//851
f 851//851 875//875 876//876 852//852
f 852//852 876//876 877//877 853//853
f 853//853 877//877 878//878 854//854
f 854//854 878//878 879//879 855//855
f 855//855 879//879 880//880 856//856
f 856//856 880//880 881//881 857//857
f 857//857 881//881 882//882 858//858
f 858//858 882//882 883//883 859//859
f 859//859 883//883 884//884 860//860
f 860//860 884//884 885//885 861//861
f 861//861 885//885 886//886 862//862
f 862//862 886//886 887//887 863//863
f 863//863 887//887 888//888 864//864
f 864//864 888//888 865//865 841//841
f 865//865 889//889 890//890 866//866
f 866//866 890//890 891//891 867//867
f 867//867 891//891 892//892 868//868
f 868//868 892//892 893//893 869//869
f 869//869 893//893 894//894 870//870
f 870//870 894//894 895//895 871//871
f 871//871 895//895 896//896 872//872
f 872//872 896//896 897//897 873//873
f 873//873 897//897 898//898 874//874
f 874//874 898//898 899//899 875//875
f 875//875 899//899 900//900 876//876
f 876//876 900//900 901//901 877//877
f 877//877 901//901 902//902 878//878
f 878//878 902//902 903//903 879//879
f 879//879 903//903 904//904 880//880
f 880//880 904//904 905//905 881//881
f 881//881 905//905 906//906 882//882
f 882//882 906//906 907//907 883//883
f 883//883 907//907 908//908 884//884
f 884//884 908//908 909//909 885//885
f 885//885 909//909 910//910 886//886
f 886//886 910//910 911//911 887//887
f 887//887 911//911 912//912 888//888
f 888//888 912//912 889//889 865//865
f 889//889 913//913 914//914 890//890
f 890//890 914//914 915//915 891//891
f 891//891 915//915 916//916 892//892
f 892//892 916//916 917//917 893//893
f 893//893 917//917 918//918 894//894
f 894//894 918//918 919//919 895//895
f 895//895 919//919 920//920 896//896
f 896//896 920//920 921//921 897//897
f 897//897 921//921 922//922 898//898
f 898//898 922//922 923//923 899//899
f 899//899 923//923 924//924 900//900
f 900//900 924//924 925//925 901//901
f 901//901 925//925 926//926 902//902
f 902//902 926//926 927//927 903//903
f 903//903 927//927 928//928 904//904
f 904//904 928//928 929//929 905//905
f 905//905 929//929 930//930 906//906
f 906//906 930//930 931//931 907//907
f 907//907 931//931 932//932 908//908
f 908//908 932//932 933//933 909//909
f 909//909 933//933 934//934 910//910
f 910//910 934//934 935//935 911//911
f 911//911 935//935 936//936 912//912
f 912//912 936//936 913//913 889//889
f 913//913 937//937 938//938 914//914
f 914//914 938//938 939//939 915//915
f 915//915 939//939 940//940 916//916
f 916//916 940//940 941//941 917//917
f 917//917 941//941 942//942 918//918
f 918//918 942//942 943//943 919//919
f 919//919 943//943 944//944 920//920
f 920//920 944//944 945//945 921//921
f 921//921 945//945 946//946 922//922
f 922//922 946//946 947//947 923//923
f 923//923 947//947 948//948 924//924
f 924//924 948//948 949//949 925//925
f 925//925 949//949 950//950 926//926
f 926//926 950//950 951//951 927//927
f 927//927 951//951 952//952 928//928
f 928//928 952//952 953//953 929//929
f 929//929 953//953 954//954 930//930
f 930//930 954//954 955//955 931//931
f 931//931 955//955 956//956 932//932
f 932//932 956//956 957//957 933//933
f 933//933 957//957 958//958 934//934
f 934//934 958//958 959//959 935//935
f 935//935 959//959 960//960 936//936
f 936//936 960//960 937//937 913//913
f 937//937 961//961 962//962 938//938
f 938//938 962//962 963//963 939//939
f 939//939 963//963 964//964 940//940
f 940//940 964//964 965//965 941//941
f 941//941 965//965 966//966 942//942
f 942//942 966//966 967//967 943//943
f 943//943 967//967 968//968 944//944
f 944//944 968//968 969//969 945//945
f 945//945 969//969 970//970 946//946
f 946//946 970//970 971//971 947//947
f 947//947 971//971 972//972 948//948
f 948//948 972//972 973//973 949//949
f 949//949 973//973 974//974 950//950
f 950//950 974//974 975//975 951//951
f 951//951 975//975 976//976 952//952
f 952//952 976//976 977//977 953//953
f 953//953 977//977 978//978 954//954
f 954//954 978//978 979//979 955//955
f 955//955 979//979 980//980 956//956
f 956//956 980//980 981//981 957//957
f 957//957 981//981 982//982 958//958
f 958//958 982//982 983//983 959//959
f 959//959 983//983 984//984 960//960
f 960//960 984//984 961//961 937//937
f 961//961 985//985 986//986 962//962
f 962//962 986//986 987//987 963//963
f 963//963 987//987 988//988 964//964
f 964//964 988//988 989//989 965//965
f 965//965 989//989 990//990 966//966
f 966//966 990//990 991//991 967//967
f 967//967 991//991 992//992 968//968
f 968//968 992//992 993//993 969//969
f 969//969 993//993 994//994 970//970
f 970//970 994//994 995//995 971//971
f 971//971 995//995 996//996 972//972
f 972//972 996//996 997//997 973//973
f 973//973 997//997 998//998 974//974
f 974//974 998//998 999//999 975//975
f 975//975 999//999 1000//1000 976//976
f 976//976 1000//1000 1001//1001 977//977
f 977//977 1001//1001 1002//1002 978//978
f 978//978 1002//1002 1003//1003 979//979
f 979//979 1003//1003 1004//1004 980//980
f 980//980 1004//1004 1005//1005 981//981
f 981//981 1005//1005 1006//1006 982//982
f 982//982 1006//1006 1007//1007 983//983
f 983//983 1007//1007 1008//1008 984//984
f 984//984 1008//1008 985//985 961//961
f 985//985 1009//1009 1010//1010 986//986
f 986//986 1010//1010 1011//1011 987//987
f 987//987 1011//1011 1012//1012 988//988
f 988//988 1012//1012 1013//1013 989//989
f 989//989 1013//1013 1014//1014 990//990
f 990//990 1014//1014 1015//1015 991//991
f 991//991 1015//1015 1016//1016 992//992
f 992//992 1016//1016 1017//1017 993//993
f 993//993 1017//1017 1018//1018 994//994
f 994//994 1018//1018 1019//1019 995//995
f 995//995 1019//1019 1020//1020 996//996
f 996//996 1020//1020 1021//1021 997//997
f 997//997 1021//1021 1022//1022 998//998
f 998//998 1022//1022 1023//1023 999//999
f 999//999 1023//1023 1024//1024 1000//1000
f 1000//1000 1024//1024 1025//1025 1001//1001
f 1001//1001 1025//1025 1026//1026 1002//1002
f 1002//1002 1026//1026 1027//1027 1003//1003
f 1003//1003 1027//1027 1028//1028 1004//1004
f 1004//1004 1028//1028 1029//1029 1005//1005
f 1005//1005 1029//1029 1030//1030 1006//1006
f 1006//1006 1030//1030 1031//1031 1007//1007
f 1007//1007 1031//1031 1032//1032 1008//1008
f 1008//1008 1032//1032 1009//1009 985//985
f 1009//1009 1033//1033 1034//1034 1010//1010
f 1010//1010 1034//1034 1035//1035 1011//1011
f 1011//1011 1035//1035 1036//1036 1012//1012
f 1012//1012 1036//1036 1037//1037 1013//1013
f 1013//1013 1037//1037 1038//1038 1014//1014
f 1014//1014 1038//1038 1039//1039 1015//1015
f 1015//1015 1039//1039 1040//1040 1016//1016
f 1016//1016 1040//1040 1041//1041 1017//1017
f 1017//1017 1041//1041 1042//1042 1018//1018
f 1018//1018 1042//1042 1043//1043 1019//1019
f 1019//1019 1043//1043 1044//1044 1020//1020
f 1020//1020 1044//1044 1045//1045 1021//1021
f 1021//1021 1045//1045 1046//1046 1022//1022
f 1022//1022 1046//1046 1047//1047 1023//1023
f 1023//1023 1047//1047 1048//1048 1024//1024
f 1024//1024 1048//1048 1049//1049 1025//1025
f 1025//1025 1049//1049 1050//1050 1026//1026
f 1026//1026 1050//1050 1051//1051 1027//1027
f 1027//1027 1051//1051 1052//1052 1028//1028
f 1028//1028 1052//1052 1053//1053 1029//1029
f 1029//1029 1053//1053 1054//1054 1030//1030
f 1030//1030 1054//1054 1055//1055 1031//1031
f 1031//1031 1055//1055 1056//1056 1032//1032
f 1032//1032 1056//1056 1033//1033 1009//1009
f 1033//1033 1057//1057 1058//1058 1034//1034
f 1034//1034 1058//1058 1059//1059 1035//1035
f 1035//1035 1059//1059 1060//1060 1036//1036
f 1036//1036 1060//1060 1061//1061 1037//1037
f 1037//1037 1061//1061 1062//1062 1038//1038
f 1038//1038 1062//1062 1063//1063 1039//1039
f 1039//1039 1063//1063 1064//1064 1040//1040
f 1040//1040 1064//1064 1065//1065 1041//1041
f 1041//1041 1065//1065 1066//1066 1042//1042
f 1042//1042 1066//1066 1067//1067 1043//1043
f 1043//1043 1067//1067 1068//1068 1044//1044
f 1044//1044 1068//1068 1069//1069 1045//1045
f 1045//1045 1069//1069 1070//1070 1046//1046
f 1046//1046 1070//1070 1071//1071 1047//1047
f 1047//1047 1071//1071 1072//1072 1048//1048
f 1048//1048 1072//1072 1073//1073 1049//1049
f 1049//1049 1073//1073 1074//1074 1050//1050
f 1050//1050 1074//1074 1075//1075 1051//1051
f 1051//1051 1075//1075 1076//1076 1052//1052
f 1052//1052 1076//1076 1077//1077 1053//1053
f 1053//1053 1077//1077 1078//1078 1054//1054
f 1054//1054 1078//1078 1079//1079 1055//1055
f 1055//1055 1079//1079 1080//1080 1056//1056
f 1056//1056 1080//1080 1057//1057 1033//1033
f 1057//1057 1081//1081 1082//1082 1058//1058
f 1058//1058 1082//1082 1083//1083 1059//1059
f 1059//1059 1083//1083 1084//1084 1060//1060
f 1060//1060 1084//1084 1085//1085 1061//1061
f 1061//1061 1085//1085 1086//1086 1062//1062
f 1062//1062 1086//1086 1087//1087 1063//1063
f 1063//1063 1087//1087 1088//1088 1064//1064
f 1064//1064 1088//1088 1089//1089 1065//1065
f 1065//1065 1089//1089 1090//1090 1066//1066
f 1066//1066 1090//1090 1091//1091 1067//1067
f 1067//1067 1091//1091 1092//1092 1068//1068
f 1068//1068 1092//1092 1093//1093 1069//1069
f 1069//1069 1093//1093 1094//1094 1070//1070
f 1070//1070 1094//1094 1095//1095 1071//1071
f 1071//1071 1095//1095 1096//1096 1072//1072
f 1072//1072 1096//1096 1097//1097 1073//1073
f 1073//1073 1097//1097 1098//1098 1074//1074
f 1074//1074 1098//1098 1099//1099 1075//1075
f 1075//1075 1099//1099 1100//1100 1076//1076
f 1076//1076 1100//1100 1101//1101 1077//1077
f 1077//1077 1101//1101 1102//1102 1078//1078
f 1078//1078 1102//1102 1103//1103 1079//1079
f 1079//1079 1103//1103 1104//1104 1080//1080
f 1080//1080 1104//1104 1081//1081 1057//1057
f 1081//1081 1105//1105 1106//1106 1082//1082
f 1082//1082 1106//1106 1107//1107 1083//1083
f 1083//1083 1107//1107 1108//1108 1084//1084
f 1084//1084 1108//1108 1109//1109 1085//1085
f 1085//1085 1109//1109 1110//1110 1086//1086
f 1086//1086 1110//1110 1111//1111 1087//1087
f 1087//1087 1111//1111 1112//1112 1088//1088
f 1088//1088 1112//1112 1113//1113 1089//1089
f 1089//1089 1113//1113 1114//1114 1090//1090
f 1090//1090 1114//1114 1115//1115 1091//1091
f 1091//1091 1115//1115 1116//1116 1092//1092
f 1092//1092 1116//1116 1117//1117 1093//1093
f 1093//1093 1117//1117 1118//1118 1094//1094
f 1094//1094 1118//1118 1119//1119 1095//1095
f 1095//1095 1119//1119 1120//1120 1096//1096
f 1096//1096 1120//1120 1121//1121 1097//1097
f 1097//1097 1121//1121 1122//1122 1098//1098
f 1098//1098 1122//1122 1123//1123 1099//1099
f 1099//1099 1123//1123 1124//1124 1100//1100
f 1100//1100 1124//1124 1125//1125 1101//1101
f 1101//1101 1125//1125 1126//1126 1102//1102
f 1102//1102 1126//1126 1127//1127 1103//1103
f 1103//1103 1127//1127 1128//1128 1104//1104
f 1104//1104 1128//1128 1105//1105 1081//1081
f 1105//1105 1129//1129 1130//1130 1106//1106
f 1106//1106 1130//1130 1131//1131 1107//1107
f 1107//1107 1131//1131 1132//1132 1108//1108
f 1108//1108 1132//1132 1133//1133 1109//1109
f 1109//1109 1133//1133 1134//1134 1110//1110
f 1110//1110 1134//1134 1135//1135 1111//1111
f 1111//1111 1135//1135 1136//1136 1112//1112
f 1112//1112 1136//1136 1137//1137 1113//1113
f 1113//1113 1137//1137 1138//1138 1114//1114
f 1114//1114 1138//1138 1139//1139 1115//1115
f 1115//1115 1139//1139 1140//1140 1116//1116
f 1116//1116 1140//1140 1141//1141 1117//1117
f 1117//1117 1141//1141 1142//1142 1118//1118
f 1118//1118 1142//1142 1143//1143 1119//1119
f 1119//1119 1143//1143 1144//1144 1120//1120
f 1120//1120 1144//1144 1145//1145 1121//1121
f 1121//1121 1145//1145 1146//1146 1122//1122
f 1122//1122 1146//1146 1147//1147 1123//1123
f 1123//1123 1147//1147 1148//1148 1124//1124
f 1124//1124 1148//1148 1149//1149 1125//1125
f 1125//1125 1149//1149 1150//1150 1126//1126
f 1126//1126 1150//1150 1151//1151 1127//1127
f 1127//1127 1151//1151 1152//1152 1128//1128
f 1128//1128 1152//1152 1129//1129 1105//1105
f 1129//1129 1153//13 1154//1153 1130//1130
f 1130//1130 1154//1153 1155//1154 1131//1131
f 1131//1131 1155//1154 1156//1155 1132//1132
f 1132//1132 1156//1155 1157//1156 1133//1133
f 1133//1133 1157//1156 1158//1157 1134//1134
f 1134//1134 1158//1157 1159//1158 1135//1135
f 1135//1135 1159//1158 1160//1159 1136//1136
f 1136//1136 1160//1159 1161//1160 1137//1137
f 1137//1137 1161//1160 1162//1161 1138//1138
f 1138//1138 1162//1161 1163//1162 1139//1139
f 1139//1139 1163//1162 1164//1163 1140//1140
f 1140//1140 1164//1163 1165//1 1141//1141
f 1141//1141 1165//1 1166//1164 1142//1142
f 1142//1142 1166//1164 1167//1165 1143//1143
f 1143//1143 1167//1165 1168//1166 1144//1144
f 1144//1144 1168//1166 1169//1167 1145//1145
f 1145//1145 1169//1167 1170//1168 1146//1146
f 1146//1146 1170//1168 1171//1169 1147//1147
f 1147//1147 1171//1169 1172//1170 1148//1148
f 1148//1148 1172//1170 1173//1171 1149//1149
f 1149//1149 1173//1171 1174//1172 1150//1150
f 1150//1150 1174//1172 1175//1173 1151//1151
f 1151//1151 1175//1173 1176//1174 1152//1152
f 1152//1152 1176//1174 1153//13 1129//1129
f 1153//13 1177//37 1178//1175 1154//1153
f 1154//1153 1178//1175 1179//1176 1155//1154
f 1155//1154 1179//1176 1180//1177 1156//1155
f 1156//1155 1180//1177 1181//1178 1157//1156
f 1157//1156 1181//1178 1182//1179 1158//1157
f 1158//1157 1182//1179 1183//1180 1159//1158
f 1159//1158 1183//1180 1184//1181 1160//1159
f 1160//1159 1184//1181 1185//1182 1161//1160
f 1161//1160 1185//1182 1186//1183 1162//1161
f 1162//1161 1186//1183 1187//1184 1163//1162
f 1163//1162 1187//1184 1188//1185 1164//1163
f 1164//1163 1188//1185 1189//25 1165//1
f 1165//1 1189//25 1190//1186 1166//1164
f 1166//1164 1190//1186 1191//1187 1167//1165
f 1167//1165 1191//1187 1192//1188 1168//1166
f 1168//1166 1192//1188 1193//1189 1169//1167
f 1169//1167 1193//1189 1194//1190 1170//1168
f 1170//1168 1194//1190 1195//1191 1171//1169
f 1171//1169 1195//1191 1196//1192 1172//1170
f 1172//1170 1196//1192 1197//1193 1173//1171
f 1173//1171 1197//1193 1198//1194 1174//1172
f 1174//1172 1198//1194 1199//1195 1175//1173
f 1175//1173 1199//1195 1200//1196 1176//1174
f 1176//1174 1200//1196 1177//37 1153//13
f 1177//37 1201//61 1202//1197 1178//1175
f 1178//1175 1202//1197 1203//1198 1179//1176
f 1179//1176 1203//1198 1204//1199 1180//1177
f 1180//1177 1204//1199 1205//1200 1181//1178
f 1181//1178 1205//1200 1206//1201 1182//1179
f 1182//1179 1206//1201 1207//1202 1183//1180
f 1183//1180 1207//1202 1208//1203 1184//1181
f 1184//1181 1208//1203 1209//1204 1185//1182
f 1185//1182 1209//1204 1210//1205 1186//1183
f 1186//1183 1210//1205 1211//1206 1187//1184
f 1187//1184 1211//1206 1212//1207 1188//1185
f 1188//1185 1212//1207 1213//49 1189//25
f 1189//25 1213//49 1214//1208 1190//1186
f 1190//1186 1214//1208 1215//1209 1191//1187
f 1191//1187 1215//1209 1216//1210 1192//1188
f 1192//1188 1216//1210 1217//1211 1193//1189
f 1193//1189 1217//1211 1218//1212 1194//1190
f 1194//1190 1218//1212 1219//1213 1195//1191
f 1195//1191 1219//1213 1220//1214 1196//1192
f 1196//1192 1220//1214 1221//1215 1197//1193
f 1197//1193 1221//1215 1222//1216 1198//1194
f 1198//1194 1222//1216 1223//1217 1199//1195
f 1199//1195 1223//1217 1224//1218 1200//1196
f 1200//1196 1224//1218 1201//61 1177//37
f 1201//61 1225//85 1226//1219 1202//1197
f 1202//1197 1226//1219 1227//1220 1203//1198
f 1203//1198 1227//1220 1228//1221 1204//1199
f 1204//1199 1228//1221 1229//1222 1205//1200
f 1205//1200 1229//1222 1230//1223 1206//1201
f 1206//1201 1230//1223 1231//1224 1207//1202
f 1207//1202 1231//1224 1232//1225 1208//1203
f 1208//1203 1232//1225 1233//1226 1209//1204
f 1209//1204 1233//1226 1234//1227 1210//1205
f 1210//1205 1234//1227 1235//1228 1211//1206
f 1211//1206 1235//1228 1236//1229 1212//1207
f 1212//1207 1236//1229 1237//73 1213//49
f 1213//49 1237//73 1238//1230 1214//1208
f 1214//1208 1238//1230 1239//1231 1215//1209
f 1215//1209 1239//1231 1240//1232 1216//1210
f 1216//1210 1240//1232 1241//1233 1217//1211
f 1217//1211 1241//1233 1242//1234 1218//1212
f 1218//1212 1242//1234 1243//1235 1219//1213
f 1219//1213 1243//1235 1244//1236 1220//1214
f 1220//1214 1244//1236 1245//1237 1221//1215
f 1221//1215 1245//1237 1246//1238 1222//1216
f 1222//1216 1246//1238 1247//1239 1223//1217
f 1223//1217 1247//1239 1248//1240 1224//1218
f 1224//1218 1248//1240 1225//85 1201//61
f 1225//85 1249//109 1250//1241 1226//1219
f 1226//1219 1250//1241 1251//1242 1227//1220
f 1227//1220 1251//1242 1252//1243 1228//1221
f 1228//1221 1252//1243 1253//1244 1229//1222
f 1229//1222 1253//1244 1254//1245 1230//1223
f 1230//1223 1254//1245 1255//1246 1231//1224
f 1231//1224 1255//1246 1256//1247 1232//1225
f 1232//1225 1256//1247 1257//1248 1233//1226
f 1233//1226 1257//1248 1258//1249 1234//1227
f 1234//1227 1258//1249 1259//1250 1235//1228
f 1235//1228 1259//1250 1260//1251 1236//1229
f 1236//1229 1260//1251 1261//97 1237//73
f 1237//73 1261//97 1262//1252 1238//1230
f 1238//1230 1262//1252 1263//1253 1239//1231
f 1239//1231 1263//1253 1264//1254 1240//1232
f 1240//1232 1264//1254 1265//1255 1241//1233
f 1241//1233 1265//1255 1266//1256 1242//1234
f 1242//1234 1266//1256 1267//1257 1243//1235
f 1243//1235 1267//1257 1268//1258 1244//1236
f 1244//1236 1268//1258 1269//1259 1245//1237
f 1245//1237 1269//1259 1270//1260 1246//1238
f 1246//1238 1270//1260 1271//1261 1247//1239
f 1247//1239 1271//1261 1272//1262 1248//1240
f 1248//1240 1272//1262 1249//109 1225//85
f 1249//109 1273//133 1274//1263 1250//1241
f 1250//1241 1274//1263 1275//1264 1251//1242
f 1251//1242 1275//1264 1276//1265 1252//1243
f 1252//1243 1276//1265 1277//1266 1253//1244
f 1253//1244 1277//1266 1278//1267 1254//1245
f 1254//1245 1278//1267 1279//1268 1255//1246
f 1255//1246 1279//1268 1280//1269 1256//1247
f 1256//1247 1280//1269 1281//1270 1257//1248
f 1257//1248 1281//1270 1282//1271 1258//1249
f 1258//1249 1282//1271 1283//1272 1259//1250
f 1259//1250 1283//1272 1284//1273 1260//1251
f 1260//1251 1284//1273 1285//121 1261//97
f 1261//97 1285//121 1286//1274 1262//1252
f 1262//1252 1286//1274 1287//1275 1263//1253
f 1263//1253 1287//1275 1288//1276 1264//1254
f 1264//1254 1288//1276 1289//1277 1265//1255
f 1265//1255 1289//1277 1290//1278 1266//1256
f 1266//1256 1290//1278 1291//1279 1267//1257
f 1267//1257 1291//1279 1292//1280 1268//1258
f 1268//1258 1292//1280 1293//1281 1269//1259
f 1269//1259 1293//1281 1294//1282 1270//1260
f 1270//1260 1294//1282 1295//1283 1271//1261
f 1271//1261 1295//1283 1296//1284 1272//1262
f 1272//1262 1296//1284 1273//133 1249//109
f 1273//133 1297//157 1298//1285 1274//1263
f 1274//1263 1298//1285 1299//1286 1275//1264
f 1275//1264 1299//1286 1300//1287 1276//1265
f 1276//1265 1300//1287 1301//1288 1277//1266
f 1277//1266 1301//1288 1302//1289 1278//1267
f 1278//1267 1302//1289 1303//1290 1279//1268
f 1279//1268 1303//1290 1304//1291 1280//1269
f 1280//1269 1304//1291 1305//1292 1281//1270
f 1281//1270 1305//1292 1306//1293 1282//1271
f 1282//1271 1306//1293 1307//1294 1283//1272
f 1283//1272 1307//1294 1308//1295 1284//1273
f 1284//1273 1308//1295 1309//145 1285//121
f 1285//121 1309//145 1310//1296 1286//1274
f 1286//1274 1310//1296 1311//1297 1287//1275
f 1287//1275 1311//1297 1312//1298 1288//1276
f 1288//1276 1312//1298 1313//1299 1289//1277
f 1289//1277 1313//1299 1314//1300 1290//1278
f 1290//1278 1314//1300 1315//1301 1291//1279
f 1291//1279 1315//1301 1316//1302 1292//1280
f 1292//1280 1316//1302 1317//1303 1293//1281
f 1293//1281 1317//1303 1318//1304 1294//1282
f 1294//1282 1318//1304 1319//1305 1295//1283
f 1295//1283 1319//1305 1320//1306 1296//1284
f 1296//1284 1320//1306 1297//157 1273//133
f 1297//157 1321//181 1322//1307 1298//1285
f 1298//1285 1322//1307 1323//1308 1299//1286
f 1299//1286 1323//1308 1324//1309 1300//1287
f 1300//1287 1324//1309 1325//1310 1301//1288
f 1301//1288 1325//1310 1326//1311 1302//1289
f 1302//1289 1326//1311 1327//1312 1303//1290
f 1303//1290 1327//1312 1328//1313 1304//1291
f 1304//1291 1328//1313 1329//1314 1305//1292
f 1305//1292 1329//1314 1330//1315 1306//1293
f 1306//1293 1330//1315 1331//1316 1307//1294
f 1307//1294 1331//1316 1332//1317 1308//1295
f 1308//1295 1332//1317 1333//169 1309//145
f 1309//145 1333//169 1334//1318 1310//1296
f 1310//1296 1334//1318 1335//1319 1311//1297
f 1311//1297 1335//1319 1336//1320 1312//1298
f 1312//1298 1336//1320 1337//1321 1313//1299
f 1313//1299 1337//1321 1338//1322 1314//1300
f 1314//1300 1338//1322 1339//1323 1315//1301
f 1315//1301 1339//1323 1340//1324 1316//1302
f 1316//1302 1340//1324 1341//1325 1317//1303
f 1317//1303 1341//1325 1342//1326 1318//1304
f 1318//1304 1342//1326 1343//1327 1319//1305
f 1319//1305 1343//1327 1344//1328 1320//1306
f 1320//1306 1344//1328 1321//181 1297//157
f 1321//181 1345//205 1346//1329 1322//1307
f 1322//1307 1346//1329 1347//1330 1323//1308
f 1323//1308 1347//1330 1348//1331 1324//1309
f 1324//1309 1348//1331 1349//1332 1325//1310
f 1325//1310 1349//1332 1350//1333 1326//1311
f 1326//1311 1350//1333 1351//1334 1327//1312
f 1327//1312 1351//1334 1352//1335 1328//1313
f 1328//1313 1352//1335 1353//1336 1329//1314
f 1329//1314 1353//1336 1354//1337 1330//1315
f 1330//1315 1354//1337 1355//1338 1331//1316
f 1331//1316 1355//1338 1356//1339 1332//1317
f 1332//1317 1356//1339 1357//193 1333//169
f 1333//169 1357//193 1358//1340 1334//1318
f 1334//1318 1358//1340 1359//1341 1335//1319
f 1335//1319 1359//1341 1360//1342 1336//1320
f 1336//1320 1360//1342 1361//1343 1337//1321
f 1337//1321 1361//1343 1362//1344 1338//1322
f 1338//1322 1362//1344 1363//1345 1339//1323
f 1339//1323 1363//1345 1364//1346 1340//1324
f 1340//1324 1364//1346 1365//1347 1341//1325
f 1341//1325 1365//1347 1366//1348 1342//1326
f 1342//1326 1366//1348 1367//1349 1343//1327
f 1343//1327 1367//1349 1368//1350 1344//1328
f 1344//1328 1368//1350 1345//205 1321//181
f 1345//205 1369//229 1370//1351 1346//1329
f 1346//1329 1370//1351 1371//1352 1347//1330
f 1347//1330 1371//1352 1372//1353 1348//1331
f 1348//1331 1372//1353 1373//1354 1349//1332
f 1349//1332 1373//1354 1374//1355 1350//1333
f 1350//1333 1374//1355 1375//1356 1351//1334
f 1351//1334 1375//1356 1376//1357 1352//1335
f 1352//1335 1376//1357 1377//1358 1353//1336
f 1353//1336 1377//1358 1378//1359 1354//1337
f 1354//1337 1378//1359 1379//1360 1355//1338
f 1355//1338 1379//1360 1380//1361 1356//1339
f 1356//1339 1380//1361 1381//217 1357//193
f 1357//193 1381//217 1382//1362 1358//1340
f 1358//1340 1382//1362 1383//1363 1359//1341
f 1359//1341 1383//1363 1384//1364 1360//1342
f 1360//1342 1384//1364 1385//1365 1361//1343
f 1361//1343 1385//1365 1386//1366 1362//1344
f 1362//1344 1386//1366 1387//1367 1363//1345
f 1363//1345 1387//1367 1388//1368 1364//1346
f 1364//1346 1388//1368 1389//1369 1365//1347
f 1365//1347 1389//1369 1390//1370 1366//1348
f 1366//1348 1390//1370 1391//1371 1367//1349
f 1367//1349 1391//1371 1392//1372 1368//1350
f 1368//1350 1392//1372 1369//229 1345//205
f 1369//229 1393//253 1394//1373 1370//1351
f 1370//1351 1394//1373 1395//1374 1371//1352
f 1371//1352 1395//1374 1396//1375 1372//1353
f 1372//1353 1396//1375 1397//1376 1373//1354
f 1373//1354 1397//1376 1398//1377 1374//1355
f 1374//1355 1398//1377 1399//1378 1375//1356
f 1375//1356 1399//1378 1400//1379 1376//1357
f 1376//1357 1400//1379 1401//1380 1377//1358
f 1377//1358 1401//1380 1402//1381 1378//1359
f 1378//1359 1402//1381 1403//1382 1379//1360
f 1379//1360 1403//1382 1404//1383 1380//1361
f 1380//1361 1404//1383 1405//241 1381//217
f 1381//217 1405//241 1406//1384 1382//1362
f 1382//1362 1406//1384 1407//1385 1383//1363
f 1383//1363 1407//1385 1408//1386 1384//1364
f 1384//1364 1408//1386 1409//1387 1385//1365
f 1385//1365 1409//1387 1410//1388 1386//1366
f 1386//1366 1410//1388 1411//1389 1387//1367
f 1387//1367 1411//1389 1412//1390 1388//1368
f 1388//1368 1412//1390 1413//1391 1389//1369
f 1389//1369 1413//1391 1414//1392 1390//1370
f 1390//1370 1414//1392 1415//1393 1391//1371
f 1391//1371 1415//1393 1416//1394 1392//1372
f 1392//1372 1416//1394 1393//253 1369//229
f 1393//253 1417//277 1418//1395 1394//1373
f 1394//1373 1418//1395 1419//1396 1395//1374
f 1395//1374 1419//1396 1420//1397 1396//1375
f 1396//1375 1420//1397 1421//1398 1397//1376
f 1397//1376 1421//1398 1422//1399 1398//1377
f 1398//1377 1422//1399 1423//1400 1399//1378
f 1399//1378 1423//1400 1424//1401 1400//1379
f 1400//1379 1424//1401 1425//1402 1401//1380
f 1401//1380 1425//1402 1426//1403 1402//1381
f 1402//1381 1426//1403 1427//1404 1403//1382
f 1403//1382 1427//1404 1428//1405 1404//1383
f 1404//1383 1428//1405 1429//265 1405//241
f 1405//241 1429//265 1430//1406 1406//1384
f 1406//1384 1430//1406 1431//1407 1407//1385
f 1407//1385 1431//1407 1432//1408 1408//1386
f 1408//1386 1432//1408 1433//1409 1409//1387
f 1409//1387 1433//1409 1434//1410 1410//1388
f 1410//1388 1434//1410 1435//1411 1411//1389
f 1411//1389 1435//1411 1436//1412 1412//1390
f 1412//1390 1436//1412 1437//1413 1413//1391
f 1413//1391 1437//1413 1438//1414 1414//1392
f 1414//1392 1438//1414 1439//1415 1415//1393
f 1415//1393 1439//1415 1440//1416 1416//1394
f 1416//1394 1440//1416 1417//277 1393//253
f 1417//277 1441//301 1442//1417 1418//1395
f 1418//1395 1442//1417 1443//1418 1419//1396
f 1419//1396 1443//1418 1444//1419 1420//1397
f 1420//1397 1444//1419 1445//1420 1421//1398
f 1421//1398 1445//1420 1446//1421 1422//1399
f 1422//1399 1446//1421 1447//1422 1423//1400
f 1423//1400 1447//1422 1448//1423 1424//1401
f 1424//1401 1448//1423 1449//1424 1425//1402
f 1425//1402 1449//1424 1450//1425 1426//1403
f 1426//1403 1450//1425 1451//1426 1427//1404
f 1427//1404 1451//1426 1452//1427 1428//1405
f 1428//1405 1452//1427 1453//289 1429//265
f 1429//265 1453//289 1454//1428 1430//1406
f 1430//1406 1454//1428 1455//1429 1431//1407
f 1431//1407 1455//1429 1456//1430 1432//1408
f 1432//1408 1456//1430 1457//1431 1433//1409
f 1433//1409 1457//1431 1458//1432 1434//1410
f 1434//1410 1458//1432 1459//1433 1435//1411
f 1435//1411 1459//1433 1460//1434 1436//1412
f 1436//1412 1460//1434 1461//1435 1437//1413
f 1437//1413 1461//1435 1462//1436 1438//1414
f 1438//1414 1462//1436 1463//1437 1439//1415
f 1439//1415 1463//1437 1464//1438 1440//1416
f 1440//1416 1464//1438 1441//301 1417//277
f 1441//301 1465//325 1466//1439 1442//1417
f 1442//1417 1466//1439 1467//1440 1443//1418
f 1443//1418 1467//1440 1468//1441 1444//1419
f 1444//1419 1468//1441 1469//1442 1445//1420
f 1445//1420 1469//1442 1470//1443 1446//1421
f 1446//1421 1470//1443 1471//1444 1447//1422
f 1447//1422 1471//1444 1472//1445 1448//1423
f 1448//1423 1472//1445 1473//1446 1449//1424
f 1449//1424 1473//1446 1474//1447 1450//1425
f 1450//1425 1474//1447 1475//1448 1451//1426
f 1451//1426 1475//1448 1476//1449 1452//1427
f 1452//1427 1476//1449 1477//313 1453//289
f 1453//289 1477//313 1478//1450 1454//1428
f 1454//1428 1478//1450 1479//1451 1455//1429
f 1455//1429 1479//1451 1480//1452 1456//1430
f 1456//1430 1480//1452 1481//1453 1457//1431
f 1457//1431 1481//1453 1482//1454 1458//1432
f 1458//1432 1482//1454 1483//1455 1459//1433
f 1459//1433 1483//1455 1484//1456 1460//1434
f 1460//1434 1484//1456 1485//1457 1461//1435
f 1461//1435 1485//1457 1486//1458 1462//1436
f 1462//1436 1486//1458 1487//1459 1463//1437
f 1463//1437 1487//1459 1488//1460 1464//1438
f 1464//1438 1488//1460 1465//325 1441//301
f 1465//325 1489//349 1490//1461 1466//1439
f 1466//1439 1490//1461 1491//1462 1467//1440
f 1467//1440 1491//1462 1492//1463 1468//1441
f 1468//1441 1492//1463 1493//1464 1469//1442
f 1469//1442 1493//1464 1494//1465 1470//1443
f 1470//1443 1494//1465 1495//1466 1471//1444
f 1471//1444 1495//1466 1496//1467 1472//1445
f 1472//1445 1496//1467 1497//1468 1473//1446
f 1473//1446 1497//1468 1498//1469 1474//1447
f 1474//1447 1498//1469 1499//1470 1475//1448
f 1475//1448 1499//1470 1500//1471 1476//1449
f 1476//1449 1500//1471 1501//337 1477//313
f 1477//313 1501//337 1502//1472 1478//1450
f 1478//1450 1502//1472 1503//1473 1479//1451
f 1479//1451 1503//1473 1504//1474 1480//1452
f 1480//1452 1504//1474 1505//1475 1481//1453
f 1481//1453 1505//1475 1506//1476 1482//1454
f 1482//1454 1506//1476 1507//1477 1483//1455
f 1483//1455 1507//1477 1508//1478 1484//1456
f 1484//1456 1508//1478 1509//1479 1485//1457
f 1485//1457 1509//1479 1510//1480 1486//1458
f 1486//1458 1510//1480 1511//1481 1487//1459
f 1487//1459 1511//1481 1512//1482 1488//1460
f 1488//1460 1512//1482 1489//349 1465//325
f 1489//349 1513//373 1514//1483 1490//1461
f 1490//1461 1514//1483 1515//1484 1491//1462
f 1491//1462 1515//1484 1516//1485 1492//1463
f 1492//1463 1516//1485 1517//1486 1493//1464
f 1493//1464 1517//1486 1518//1487 1494//1465
f 1494//1465 1518//1487 1519//1488 1495//1466
f 1495//1466 1519//1488 1520//1489 1496//1467
f 1496//1467 1520//1489 1521//1490 1497//1468
f 1497//1468 1521//1490 1522//1491 1498//1469
f 1498//1469 1522//1491 1523//1492 1499//1470
f 1499//1470 1523//1492 1524//1493 1500//1471
f 1500//1471 1524//1493 1525//361 1501//337
f 1501//337 1525//361 1526//1494 1502//1472
f 1502//1472 1526//1494 1527//1495 1503//1473
f 1503//1473 1527//1495 1528//1496 1504//1474
f 1504//1474 1528//1496 1529//1497 1505//1475
f 1505//1475 1529//1497 1530//1498 1506//1476
f 1506//1476 1530//1498 1531//1499 1507//1477
f 1507//1477 1531//1499 1532//1500 1508//1478
f 1508//1478 1532//1500 1533//1501 1509//1479
f 1509//1479 1533//1501 1534//1502 1510//1480
f 1510//1480 1534//1502 1535//1503 1511//1481
f 1511//1481 1535//1503 1536//1504 1512//1482
f 1512//1482 1536//1504 1513//373 1489//349
f 1513//373 1537//397 1538//1505 1514//1483
f 1514//1483 1538//1505 1539//1506 1515//1484
f 1515//1484 1539//1506 1540//1507 1516//1485
f 1516//1485 1540//1507 1541//1508 1517//1486
f 1517//1486 1541//1508 1542//1509 1518//1487
f 1518//1487 1542//1509 1543//1510 1519//1488
f 1519//1488 1543//1510 1544//1511 1520//1489
f 1520//1489 1544//1511 1545//1512 1521//1490
f 1521//1490 1545//1512 1546//1513 1522//1491
f 1522//1491 1546//1513 1547//1514 1523//1492
f 1523//1492 1547//1514 1548//1515 1524//1493
f 1524//1493 1548//1515 1549//1516 1525//361
f 1525//361 1549//1516 1550//1517 1526//1494
f 1526//1494 1550//1517 1551//1518 1527//1495
f 1527//1495 1551//1518 1552//1519 1528//1496
f 1528//1496 1552//1519 1553//1520 1529//1497
f 1529//1497 1553//1520 1554//1521 1530//1498
f 1530//1498 1554//1521 1555//1522 1531//1499
f 1531//1499 1555//1522 1556//1523 1532//1500
f 1532//1500 1556//1523 1557//1524 1533//1501
f 1533//1501 1557//1524 1558//1525 1534//1502
f 1534//1502 1558//1525 1559//1526 1535//1503
f 1535//1503 1559//1526 1560//1527 1536//1504
f 1536//1504 1560//1527 1537//397 1513//373
f 1537//397 1561//421 1562//1528 1538//1505
f 1538//1505 1562//1528 1563//1529 1539//1506
f 1539//1506 1563//1529 1564//1530 1540//1507
f 1540//1507 1564//1530 1565//1531 1541//1508
f 1541//1508 1565//1531 1566//1532 1542//1509
f 1542//1509 1566//1532 1567//1533 1543//1510
f 1543//1510 1567//1533 1568//1534 1544//1511
f 1544//1511 1568//1534 1569//1535 1545//1512
f 1545//1512 1569//1535 1570//1536 1546//1513
f 1546//1513 1570//1536 1571//1537 1547//1514
f 1547//1514 1571//1537 1572//1538 1548//1515
f 1548//1515 1572//1538 1573//409 1549//1516
f 1549//1516 1573//409 1574//1539 1550//1517
f 1550//1517 1574//1539 1575//1540 1551//1518
f 1551//1518 1575//1540 1576//1541 1552//1519
f 1552//1519 1576//1541 1577//1542 1553//1520
f 1553//1520 1577//1542 1578//1543 1554//1521
f 1554//1521 1578//1543 1579//1544 1555//1522
f 1555//1522 1579//1544 1580//1545 1556//1523
f 1556//1523 1580//1545 1581//1546 1557//1524
f 1557//1524 1581//1546 1582//1547 1558//1525
f 1558//1525 1582//1547 1583//1548 1559//1526
f 1559//1526 1583//1548 1584//1549 1560//1527
f 1560//1527 1584//1549 1561//421 1537//397
f 1561//421 1585//445 1586//1550 1562//1528
f 1562//1528 1586//1550 1587//1551 1563//1529
f 1563//1529 1587//1551 1588//1552 1564//1530
f 1564//1530 1588//1552 1589//1553 1565//1531
f 1565//1531 1589//1553 1590//1554 1566//1532
f 1566//1532 1590//1554 1591//1555 1567//1533
f 1567//1533 1591//1555 1592//1556 1568//1534
f 1568//1534 1592//1556 1593//1557 1569//1535
f 1569//1535 1593//1557 1594//1558 1570//1536
f 1570//1536 1594//1558 1595//1559 1571//1537
f 1571//1537 1595//1559 1596//1560 1572//1538
f 1572//1538 1596//1560 1597//433 1573//409
f 1573//409 1597//433 1598//1561 1574//1539
f 1574//1539 1598//1561 1599//1562 1575//1540
f 1575//1540 1599//1562 1600//1563 1576//1541
f 1576//1541 1600//1563 1601//1564 1577//1542
f 1577//1542 1601//1564 1602//1565 1578//1543
f 1578//1543 1602//1565 1603//1566 1579//1544
f 1579//1544 1603//1566 1604//1567 1580//1545
f 1580//1545 1604//1567 1605//1568 1581//1546
f 1581//1546 1605//1568 1606//1569 1582//1547
f 1582//1547 1606//1569 1607//1570 1583//1548
f 1583//1548 1607//1570 1608//1571 1584//1549
f 1584//1549 1608//1571 1585//445 1561//421
f 1585//445 1609//469 1610//1572 1586//1550
f 1586//1550 1610//1572 1611//1573 1587//1551
f 1587//1551 1611//1573 1612//1574 1588//1552
f 1588//1552 1612//1574 1613//1575 1589//1553
f 1589//1553 1613//1575 1614//1576 1590//1554
f 1590//1554 1614//1576 1615//1577 1591//1555
f 1591//1555 1615//1577 1616//1578 1592//1556
f 1592//1556 1616//1578 1617//1579 1593//1557
f 1593//1557 1617//1579 1618//1580 1594//1558
f 1594//1558 1618//1580 1619//1581 1595//1559
f 1595//1559 1619//1581 1620//1582 1596//1560
f 1596//1560 1620//1582 1621//457 1597//433
f 1597//433 1621//457 1622//1583 1598//1561
f 1598//1561 1622//1583 1623//1584 1599//1562
f 1599//1562 1623//1584 1624//1585 1600//1563
f 1600//1563 1624//1585 1625//1586 1601//1564
f 1601//1564 1625//1586 1626//1587 1602//1565
f 1602//1565 1626//1587 1627//1588 1603//1566
f 1603//1566 1627//1588 1628//1589 1604//1567
f 1604//1567 1628//1589 1629//1590 1605//1568
f 1605//1568 1629//1590 1630//1591 1606//1569
f 1606//1569 1630//1591 1631//1592 1607//1570
f 1607//1570 1631//1592 1632//1593 1608//1571
f 1608//1571 1632//1593 1609//469 1585//445
f 1609//469 1633//493 1634//1594 1610//1572
f 1610//1572 1634//1594 1635//1595 1611//1573
f 1611//1573 1635//1595 1636//1596 1612//1574
f 1612//1574 1636//1596 1637//1597 1613//1575
f 1613//1575 1637//1597 1638//1598 1614//1576
f 1614//1576 1638//1598 1639//1599 1615//1577
f 1615//1577 1639//1599 1640//1600 1616//1578
f 1616//1578 1640//1600 1641//1601 1617//1579
f 1617//1579 1641//1601 1642//1602 1618//1580
f 1618//1580 1642//1602 1643//1603 1619//1581
f 1619//1581 1643//1603 1644//1604 1620//1582
f 1620//1582 1644//1604 1645//481 1621//457
f 1621//457 1645//481 1646//1605 1622//1583
f 1622//1583 1646//1605 1647//1606 1623//1584
f 1623//1584 1647//1606 1648//1607 1624//1585
f 1624//1585 1648//1607 1649//1608 1625//1586
f 1625//1586 1649//1608 1650//1609 1626//1587
f 1626//1587 1650//1609 1651//1610 1627//1588
f 1627//1588 1651//1610 1652//1611 1628//1589
f 1628//1589 1652//1611 1653//1612 1629//1590
f 1629//1590 1653//1612 1654//1613 1630//1591
f 1630//1591 1654//1613 1655//1614 1631//1592
f 1631//1592 1655//1614 1656//1615 1632//1593
f 1632//1593 1656//1615 1633//493 1609//469
f 1633//493 1657//517 1658//1616 1634//1594
f 1634//1594 1658//1616 1659//1617 1635//1595
f 1635//1595 1659//1617 1660//1618 1636//1596
f 1636//1596 1660//1618 1661//1619 1637//1597
f 1637//1597 1661//1619 1662//1620 1638//1598
f 1638//1598 1662//1620 1663//1621 1639//1599
f 1639//1599 1663//1621 1664//1622 1640//1600
f 1640//1600 1664//1622 1665//1623 1641//1601
f 1641//1601 1665//1623 1666//1624 1642//1602
f 1642//1602 1666//1624 1667//1625 1643//1603
f 1643//1603 1667//1625 1668//1626 1644//1604
f 1644//1604 1668//1626 1669//505 1645//481
f 1645//481 1669//505 1670//1627 1646//1605
f 1646//1605 1670//1627 1671//1628 1647//1606
f 1647//1606 1671//1628 1672//1629 1648//1607
f 1648//1607 1672//1629 1673//1630 1649//1608
f 1649//1608 1673//1630 1674//1631 1650//1609
f 1650//1609 1674//1631 1675//1632 1651//1610
f 1651//1610 1675//1632 1676//1633 1652//1611
f 1652//1611 1676//1633 1677//1634 1653//1612
f 1653//1612 1677//1634 1678//1635 1654//1613
f 1654//1613 1678//1635 1679//1636 1655//1614
f 1655//1614 1679//1636 1680//1637 1656//1615
f 1656//1615 1680//1637 1657//517 1633//493
f 1657//517 1681//541 1682//1638 1658//1616
f 1658//1616 1682//1638 1683//1639 1659//1617
f 1659//1617 1683//1639 1684//1640 1660//1618
f 1660//1618 1684//1640 1685//1641 1661//1619
f 1661//1619 1685//1641 1686//1642 1662//1620
f 1662//1620 1686//1642 1687//1643 1663//1621
f 1663//1621 1687//1643 1688//1644 1664//1622
f 1664//1622 1688//1644 1689//1645 1665//1623
f 1665//1623 1689//1645 1690//1646 1666//1624
f 1666//1624 1690//1646 1691//1647 1667//1625
f 1667//1625 1691//1647 1692//1648 1668//1626
f 1668//1626 1692//1648 1693//529 1669//505
f 1669//505 1693//529 1694//1649 1670//1627
f 1670//1627 1694//1649 1695//1650 1671//1628
f 1671//1628 1695//1650 1696//1651 1672//1629
f 1672//1629 1696//1651 1697//1652 1673//1630
f 1673//1630 1697//1652 1698//1653 1674//1631
f 1674//1631 1698//1653 1699//1654 1675//1632
f 1675//1632 1699//1654 1700//1655 1676//1633
f 1676//1633 1700//1655 1701//1656 1677//1634
f 1677//1634 1701//1656 1702//1657 1678//1635
f 1678//1635 1702//1657 1703//1658 1679//1636
f 1679//1636 1703//1658 1704//1659 1680//1637
f 1680//1637 1704//1659 1681//541 1657//517
f 1681//541 1705//565 1706//1660 1682//1638
f 1682//1638 1706//1660 1707//1661 1683//1639
f 1683//1639 1707//1661 1708//1662 1684//1640
f 1684//1640 1708//1662 1709//1663 1685//1641
f 1685//1641 1709//1663 1710//1664 1686//1642
f 1686//1642 1710//1664 1711//1665 1687//1643
f 1687//1643 1711//1665 1712//1666 1688//1644
f 1688//1644 1712//1666 1713//1667 1689//1645
f 1689//1645 1713//1667 1714//1668 1690//1646
f 1690//1646 1714//1668 1715//1669 1691//1647
f 1691//1647 1715//1669 1716//1670 1692//1648
f 1692//1648 1716//1670 1717//553 1693//529
f 1693//529 1717//553 1718//1671 1694//1649
f 1694//1649 1718//1671 1719//1672 1695//1650
f 1695//1650 1719//1672 1720//1673 1696//1651
f 1696//1651 1720//1673 1721//1674 1697//1652
f 1697//1652 1721//1674 1722//1675 1698//1653
f 1698//1653 1722//1675 1723//1676 1699//1654
f 1699//1654 1723//1676 1724//1677 1700//1655
f 1700//1655 1724//1677 1725//1678 1701//1656
f 1701//1656 1725//1678 1726//1679 1702//1657
f 1702//1657 1726//1679 1727//1680 1703//1658
f 1703//1658 1727//1680 1728//1681 1704//1659
f 1704//1659 1728//1681 1705//565 1681//541
f 1705//565 1729//589 1730//1682 1706//1660
f 1706//1660 1730//1682 1731//1683 1707//1661
f 1707//1661 1731//1683 1732//1684 1708//1662
f 1708//1662 1732//1684 1733//1685 1709//1663
f 1709//1663 1733//1685 1734//1686 1710//1664
f 1710//1664 1734//1686 1735//1687 1711//1665
f 1711//1665 1735//1687 1736//1688 1712//1666
f 1712//1666 1736//1688 1737//1689 1713//1667
f 1713//1667 1737//1689 1738//1690 1714//1668
f 1714//1668 1738//1690 1739//1691 1715//1669
f 1715//1669 1739//1691 1740//1692 1716//1670
f 1716//1670 1740//1692 1741//577 1717//553
f 1717//553 1741//577 1742//1693 1718//1671
f 1718//1671 1742//1693 1743//1694 1719//1672
f 1719//1672 1743//1694 1744//1695 1720//1673
f 1720//1673 1744//1695 1745//1696 1721//1674
f 1721//1674 1745//1696 1746//1697 1722//1675
f 1722//1675 1746//1697 1747//1698 1723//1676
f 1723//1676 1747//1698 1748//1699 1724//1677
f 1724//1677 1748//1699 1749//1700 1725//1678
f 1725//1678 1749//1700 1750//1701 1726//1679
f 1726//1679 1750//1701 1751//1702 1727//1680
f 1727//1680 1751//1702 1752//1703 1728//1681
f 1728//1681 1752//1703 1729//589 1705//565
f 1729//589 1753//613 1754//1704 1730//1682
f 1730//1682 1754//1704 1755//1705 1731//1683
f 1731//1683 1755//1705 1756//1706 1732//1684
f 1732//1684 1756//1706 1757//1707 1733//1685
f 1733//1685 1757//1707 1758//1708 1734//1686
f 1734//1686 1758//1708 1759//1709 1735//1687
f 1735//1687 1759//1709 1760//1710 1736//1688
f 1736//1688 1760//1710 1761//1711 1737//1689
f 1737//1689 1761//1711 1762//1712 1738//1690
f 1738//1690 1762//1712 1763//1713 1739//1691
f 1739//1691 1763//1713 1764//1714 1740//1692
f 1740//1692 1764//1714 1765//601 1741//577
f 1741//577 1765//601 1766//1715 1742//1693
f 1742//1693 1766//1715 1767//1716 1743//1694
f 1743//1694 1767//1716 1768//1717 1744//1695
f 1744//1695 1768//1717 1769//1718 1745//1696
f 1745//1696 1769//1718 1770//1719 1746//1697
f 1746//1697 1770//1719 1771//1720 1747//1698
f 1747//1698 1771//1720 1772//1721 1748//1699
f 1748//1699 1772//1721 1773//1722 1749//1700
f 1749//1700 1773//1722 1774//1723 1750//1701
f 1750//1701 1774//1723 1775//1724 1751//1702
f 1751//1702 1775//1724 1776//1725 1752//1703
f 1752//1703 1776//1725 1753//613 1729//589
f 1753//613 1777//637 1778//1726 1754//1704
f 1754//1704 1778//1726 1779//1727 1755//1705
f 1755//1705 1779//1727 1780//1728 1756//1706
f 1756//1706 1780//1728 1781//1729 1757//1707
f 1757//1707 1781//1729 1782//1730 1758//1708
f 1758//1708 1782//1730 1783//1731 1759//1709
f 1759//1709 1783//1731 1784//1732 1760//1710
f 1760//1710 1784//1732 1785//1733 1761//1711
f 1761//1711 1785//1733 1786//1734 1762//1712
f 1762//1712 1786//1734 1787//1735 1763//1713
f 1763//1713 1787//1735 1788//1736 1764//1714
f 1764//1714 1788//1736 1789//625 1765//601
f 1765//601 1789//625 1790//1737 1766//1715
f 1766//1715 1790//1737 1791//1738 1767//1716
f 1767//1716 1791//1738 1792//1739 1768//1717
f 1768//1717 1792//1739 1793//1740 1769//1718
f 1769//1718 1793//1740 1794//1741 1770//1719
f 1770//1719 1794//1741 1795//1742 1771//1720
f 1771//1720 1795//1742 1796//1743 1772//1721
f 1772//1721 1796//1743 1797//1744 1773//1722
f 1773//1722 1797//1744 1798//1745 1774//1723
f 1774//1723 1798//1745 1799//1746 1775//1724
f 1775//1724 1799//1746 1800//1747 1776//1725
f 1776//1725 1800//1747 1777//637 1753//613
f 1777//637 1801//661 1802//1748 1778//1726
f 1778//1726 1802//1748 1803//1749 1779//1727
f 1779//1727 1803//1749 1804//1750 1780//1728
f 1780//1728 1804//1750 1805//1751 1781//1729
f 1781//1729 1805//1751 1806//1752 1782//1730
f 1782//1730 1806//1752 1807//1753 1783//1731
f 1783//1731 1807//1753 1808//1754 1784//1732
f 1784//1732 1808//1754 1809//1755 1785//1733
f 1785//1733 1809//1755 1810//1756 1786//1734
f 1786//1734 1810//1756 1811//1757 1787//1735
f 1787//1735 1811//1757 1812//1758 1788//1736
f 1788//1736 1812//1758 1813//649 1789//625
f 1789//625 1813//649 1814//1759 1790//1737
f 1790//1737 1814//1759 1815//1760 1791//1738
f 1791//1738 1815//1760 1816//1761 1792//1739
f 1792//1739 1816//1761 1817//1762 1793//1740
f 1793//1740 1817//1762 1818//1763 1794//1741
f 1794//1741 1818//1763 1819//1764 1795//1742
f 1795//1742 1819//1764 1820//1765 1796//1743
f 1796//1743 1820//1765 1821//1766 1797//1744
f 1797//1744 1821//1766 1822//1767 1798//1745
f 1798//1745 1822//1767 1823//1768 1799//1746
f 1799//1746 1823//1768 1824//1769 1800//1747
f 1800//1747 1824//1769 1801//661 1777//637
f 1801//661 1825//685 1826//1770 1802//1748
f 1802//1748 1826//1770 1827//1771 1803//1749
f 1803//1749 1827//1771 1828//1772 1804//1750
f 1804//1750 1828//1772 1829//1773 1805//1751
f 1805//1751 1829//1773 1830//1774 1806//1752
f 1806//1752 1830//1774 1831//1775 1807//1753
f 1807//1753 1831//1775 1832//1776 1808//1754
f 1808//1754 1832//1776 1833//1777 1809//1755
f 1809//1755 1833//1777 1834//1778 1810//1756
f 1810//1756 1834//1778 1835//1779 1811//1757
f 1811//1757 1835//1779 1836//1780 1812//1758
f 1812//1758 1836//1780 1837//673 1813//649
f 1813//649 1837//673 1838//1781 1814//1759
f 1814//1759 1838//1781 1839//1782 1815//1760
f 1815//1760 1839//1782 1840//1783 1816//1761
f 1816//1761 1840//1783 1841//1784 1817//1762
f 1817//1762 1841//1784 1842//1785 1818//1763
f 1818//1763 1842//1785 1843//1786 1819//1764
f 1819//1764 1843//1786 1844//1787 1820//1765
f 1820//1765 1844//1787 1845//1788 1821//1766
f 1821//1766 1845//1788 1846//1789 1822//1767
f 1822//1767 1846//1789 1847//1790 1823//1768
f 1823//1768 1847//1790 1848//1791 1824//1769
f 1824//1769 1848//1791 1825//685 1801//661
f 1825//685 1849//709 1850//1792 1826//1770
f 1826//1770 1850//1792 1851//1793 1827//1771
f 1827//1771 1851//1793 1852//1794 1828//1772
f 1828//1772 1852//1794 1853//1795 1829//1773
f 1829//1773 1853//1795 1854//1796 1830//1774
f 1830//1774 1854//1796 1855//1797 1831//1775
f 1831//1775 1855//1797 1856//1798 1832//1776
f 1832//1776 1856//1798 1857//1799 1833//1777
f 1833//1777 1857//1799 1858//1800 1834//1778
f 1834//1778 1858//1800 1859//1801 1835//1779
f 1835//1779 1859//1801 1860//1802 1836//1780
f 1836//1780 1860//1802 1861//697 1837//673
f 1837//673 1861//697 1862//1803 1838//1781
f 1838//1781 1862//1803 1863//1804 1839//1782
f 1839//1782 1863//1804 1864//1805 1840//1783
f 1840//1783 1864//1805 1865//1806 1841//1784
f 1841//1784 1865//1806 1866//1807 1842//1785
f 1842//1785 1866//1807 1867//1808 1843//1786
f 1843//1786 1867//1808 1868//1809 1844//1787
f 1844//1787 1868//1809 1869//1810 1845//1788
f 1845//1788 1869//1810 1870//1811 1846//1789
f 1846//1789 1870//1811 1871//1812 1847//1790
f 1847//1790 1871//1812 1872//1813 1848//1791
f 1848//1791 1872//1813 1849//709 1825//685
f 1849//709 1873//733 1874//1814 1850//1792
f 1850//1792 1874//1814 1875//1815 1851//1793
f 1851//1793 1875//1815 1876//1816 1852//1794
f 1852//1794 1876//1816 1877//1817 1853//1795
f 1853//1795 1877//1817 1878//1818 1854//1796
f 1854//1796 1878//1818 1879//1819 1855//1797
f 1855//1797 1879//1819 1880//1820 1856//1798
f 1856//1798 1880//1820 1881//1821 1857//1799
f 1857//1799 1881//1821 1882//1822 1858//1800
f 1858//1800 1882//1822 1883//1823 1859//1801
f 1859//1801 1883//1823 1884//1824 1860//1802
f 1860//1802 1884//1824 1885//721 1861//697
f 1861//697 1885//721 1886//1825 1862//1803
f 1862//1803 1886//1825 1887//1826 1863//1804
f 1863//1804 1887//1826 1888//1827 1864//1805
f 1864//1805 1888//1827 1889//1828 1865//1806
f 1865//1806 1889//1828 1890//1829 1866//1807
f 1866//1807 1890//1829 1891//1830 1867//1808
f 1867//1808 1891//1830 1892//1831 1868//1809
f 1868//1809 1892//1831 1893//1832 1869//1810
f 1869//1810 1893//1832 1894//1833 1870//1811
f 1870//1811 1894//1833 1895//1834 1871//1812
f 1871//1812 1895//1834 1896//1835 1872//1813
f 1872//1813 1896//1835 1873//733 1849//709
f 1873//733 1897//757 1898//1836 1874//1814
f 1874//1814 1898//1836 1899//1837 1875//1815
f 1875//1815 1899//1837 1900//1838 1876//1816
f 1876//1816 1900//1838 1901//1839 1877//1817
f 1877//1817 1901//1839 1902//1840 1878//1818
f 1878//1818 1902//1840 1903//1841 1879//1819
f 1879//1819 1903//1841 1904//1842 1880//1820
f 1880//1820 1904//1842 1905//1843 1881//1821
f 1881//1821 1905//1843 1906//1844 1882//1822
f 1882//1822 1906//1844 1907//1845 1883//1823
f 1883//1823 1907//1845 1908//1846 1884//1824
f 1884//1824 1908//1846 1909//745 1885//721
f 1885//721 1909//745 1910//1847 1886//1825
f 1886//1825 1910//1847 1911//1848 1887//1826
f 1887//1826 1911//1848 1912//1849 1888//1827
f 1888//1827 1912//1849 1913//1850 1889//1828
f 1889//1828 1913//1850 1914//1851 1890//1829
f 1890//1829 1914//1851 1915//1852 1891//1830
f 1891//1830 1915//1852 1916//1853 1892//1831
f 1892//1831 1916//1853 1917//1854 1893//1832
f 1893//1832 1917//1854 1918//1855 1894//1833
f 1894//1833 1918//1855 1919//1856 1895//1834
f 1895//1834 1919//1856 1920//1857 1896//1835
f 1896//1835 1920//1857 1897//757 1873//733
f 1897//757 1921//1858 1922//1859 1898//1836
f 1898//1836 1922//1859 1923//1860 1899//1837
f 1899//1837 1923//1860 1924//1861 1900//1838
f 1900//1838 1924//1861 1925//1862 1901//1839
f 1901//1839 1925//1862 1926//1863 1902//1840
f 1902//1840 1926//1863 1927//1864 1903//1841
f 1903//1841 1927//1864 1928//1865 1904//1842
f 1904//1842 1928//1865 1929//1866 1905//1843
f 1905//1843 1929//1866 1930//1867 1906//1844
f 1906//1844 1930//1867 1931//1868 1907//1845
f 1907//1845 1931//1868 1932//1869 1908//1846
f 1908//1846 1932//1869 1933//769 1909//745
f 1909//745 1933//769 1934//1870 1910//1847
f 1910//1847 1934//1870 1935//1871 1911//1848
f 1911//1848 1935//1871 1936//1872 1912//1849
f 1912//1849 1936//1872 1937//1873 1913//1850
f 1913//1850 1937//1873 1938//1874 1914//1851
f 1914//1851 1938//1874 1939//1875 1915//1852
f 1915//1852 1939//1875 1940//1876 1916//1853
f 1916//1853 1940//1876 1941//1877 1917//1854
f 1917//1854 1941//1877 1942//1878 1918//1855
f 1918//1855 1942//1878 1943//1879 1919//1856
f 1919//1856 1943//1879 1944//1880 1920//1857
f 1920//1857 1944//1880 1921//1858 1897//757
f 1921//1858 1945//805 1946//1881 1922//1859
f 1922//1859 1946//1881 1947//1882 1923//1860
f 1923//1860 1947//1882 1948//1883 1924//1861
f 1924//1861 1948//1883 1949//1884 1925//1862
f 1925//1862 1949//1884 1950//1885 1926//1863
f 1926//1863 1950//1885 1951//1886 1927//1864
f 1927//1864 1951//1886 1952//1887 1928//1865
f 1928//1865 1952//1887 1953//1888 1929//1866
f 1929//1866 1953//1888 1954//1889 1930//1867
f 1930//1867 1954//1889 1955//1890 1931//1868
f 1931//1868 1955//1890 1956//1891 1932//1869
f 1932//1869 1956//1891 1957//793 1933//769
f 1933//769 1957//793 1958//1892 1934//1870
f 1934//1870 1958//1892 1959//1893 1935//1871
f 1935//1871 1959//1893 1960//1894 1936//1872
f 1936//1872 1960//1894 1961//1895 1937//1873
f 1937//1873 1961//1895 1962//1896 1938//1874
f 1938//1874 1962//1896 1963//1897 1939//1875
f 1939//1875 1963//1897 1964//1898 1940//1876
f 1940//1876 1964//1898 1965//1899 1941//1877
f 1941//1877 1965//1899 1966//1900 1942//1878
f 1942//1878 1966//1900 1967//1901 1943//1879
f 1943//1879 1967//1901 1968//1902 1944//1880
f 1944//1880 1968//1902 1945//805 1921//1858
f 1945//805 1969//829 1970//1903 1946//1881
f 1946//1881 1970//1903 1971//1904 1947//1882
f 1947//1882 1971//1904 1972//1905 1948//1883
f 1948//1883 1972//1905 1973//1906 1949//1884
f 1949//1884 1973//1906 1974//1907 1950//1885
f 1950//1885 1974//1907 1975//1908 1951//1886
f 1951//1886 1975//1908 1976//1909 1952//1887
f 1952//1887 1976//1909 1977//1910 1953//1888
f 1953//1888 1977//1910 1978//1911 1954//1889
f 1954//1889 1978//1911 1979//1912 1955//1890
f 1955//1890 1979//1912 1980//1913 1956//1891
f 1956//1891 1980//1913 1981//817 1957//793
f 1957//793 1981//817 1982//1914 1958//1892
f 1958//1892 1982//1914 1983//1915 1959//1893
f 1959//1893 1983//1915 1984//1916 1960//1894
f 1960//1894 1984//1916 1985//1917 1961//1895
f 1961//1895 1985//1917 1986//1918 1962//1896
f 1962//1896 1986//1918 1987//1919 1963//1897
f 1963//1897 1987//1919 1988//1920 1964//1898
f 1964//1898 1988//1920 1989//1921 1965//1899
f 1965//1899 1989//1921 1990//1922 1966//1900
f 1966//1900 1990//1922 1991//1923 1967//1901
f 1967//1901 1991//1923 1992//1924 1968//1902
f 1968//1902 1992//1924 1969//829 1945//805
f 1969//829 1993//853 1994//1925 1970//1903
f 1970//1903 1994//1925 1995//1926 1971//1904
f 1971//1904 1995//1926 1996//1927 1972//1905
f 1972//1905 1996//1927 1997//1928 1973//1906
f 1973//1906 1997//1928 1998//1929 1974//1907
f 1974//1907 1998//1929 1999//1930 1975//1908
f 1975//1908 1999//1930 2000//1931 1976//1909
f 1976//1909 2000//1931 2001//1932 1977//1910
f 1977//1910 2001//1932 2002//1933 1978//1911
f 1978//1911 2002//1933 2003//1934 1979//1912
f 1979//1912 2003//1934 2004//1935 1980//1913
f 1980//1913 2004//1935 2005//841 1981//817
f 1981//817 2005//841 2006//1936 1982//1914
f 1982//1914 2006//1936 2007//1937 1983//1915
f 1983//1915 2007//1937 2008//1938 1984//1916
f 1984//1916 2008//1938 2009//1939 1985//1917
f 1985//1917 2009//1939 2010//1940 1986//1918
f 1986//1918 2010//1940 2011//1941 1987//1919
f 1987//1919 2011//1941 2012//1942 1988//1920
f 1988//1920 2012//1942 2013//1943 1989//1921
f 1989//1921 2013//1943 2014//1944 1990//1922
f 1990//1922 2014//1944 2015//1945 1991//1923
f 1991//1923 2015//1945 2016//1946 1992//1924
f 1992//1924 2016//1946 1993//853 1969//829
f 1993//853 2017//877 2018//1947 1994//1925
f 1994//1925 2018//1947 2019//1948 1995//1926
f 1995//1926 2019//1948 2020//1949 1996//1927
f 1996//1927 2020//1949 2021//1950 1997//1928
f 1997//1928 2021//1950 2022//1951 1998//1929
f 1998//1929 2022//1951 2023//1952 1999//1930
f 1999//1930 2023//1952 2024//1953 2000//1931
f 2000//1931 2024//1953 2025//1954 2001//1932
f 2001//1932 2025//1954 2026//1955 2002//1933
f 2002//1933 2026//1955 2027//1956 2003//1934
f 2003//1934 2027//1956 2028//1957 2004//1935
f 2004//1935 2028//1957 2029//865 2005//841
f 2005//841 2029//865 2030//1958 2006//1936
f 2006//1936 2030//1958 2031//1959 2007//1937
f 2007//1937 2031//1959 2032//1960 2008//1938
f 2008//1938 2032//1960 2033//1961 2009//1939
f 2009//1939 2033//1961 2034//1962 2010//1940
f 2010//1940 2034//1962 2035//1963 2011//1941
f 2011//1941 2035//1963 2036//1964 2012//1942
f 2012//1942 2036//1964 2037//1965 2013//1943
f 2013//1943 2037//1965 2038//1966 2014//1944
f 2014//1944 2038//1966 2039//1967 2015//1945
f 2015//1945 2039//1967 2040//1968 2016//1946
f 2016//1946 2040//1968 2017//877 1993//853
f 2017//877 2041//901 2042//1969 2018//1947
f 2018//1947 2042//1969 2043//1970 2019//1948
f 2019//1948 2043//1970 2044//1971 2020//1949
f 2020//1949 2044//1971 2045//1972 2021//1950
f 2021//1950 2045//1972 2046//1973 2022//1951
f 2022//1951 2046//1973 2047//1974 2023//1952
f 2023//1952 2047//1974 2048//1975 2024//1953
f 2024//1953 2048//1975 2049//1976 2025//1954
f 2025//1954 2049//1976 2050//1977 2026//1955
f 2026//1955 2050//1977 2051//1978 2027//1956
f 2027//1956 2051//1978 2052//1979 2028//1957
f 2028//1957 2052//1979 2053//889 2029//865
f 2029//865 2053//889 2054//1980 2030//1958
f 2030//1958 2054//1980 2055//1981 2031//1959
f 2031//1959 2055//1981 2056//1982 2032//1960
f 2032//1960 2056//1982 2057//1983 2033//1961
f 2033//1961 2057//1983 2058//1984 2034//1962
f 2034//1962 2058//1984 2059//1985 2035//1963
f 2035//1963 2059//1985 2060//1986 2036//1964
f 2036//1964 2060//1986 2061//1987 2037//1965
f 2037//1965 2061//1987 2062//1988 2038//1966
f 2038//1966 2062//1988 2063//1989 2039//1967
f 2039//1967 2063//1989 2064//1990 2040//1968
f 2040//1968 2064//1990 2041//901 2017//877
f 2041//901 2065//925 2066//1991 2042//1969
f 2042//1969 2066//1991 2067//1992 2043//1970
f 2043//1970 2067//1992 2068//1993 2044//1971
f 2044//1971 2068//1993 2069//1994 2045//1972
f 2045//1972 2069//1994 2070//1995 2046//1973
f 2046//1973 2070//1995 2071//1996 2047//1974
f 2047//1974 2071//1996 2072//1997 2048//1975
f 2048//1975 2072//1997 2073//1998 2049//1976
f 2049//1976 2073//1998 2074//1999 2050//1977
f 2050//1977 2074//1999 2075//2000 2051//1978
f 2051//1978 2075//2000 2076//2001 2052//1979
f 2052//1979 2076//2001 2077//913 2053//889
f 2053//889 2077//913 2078//2002 2054//1980
f 2054//1980 2078//2002 2079//2003 2055//1981
f 2055//1981 2079//2003 2080//2004 2056//1982
f 2056//1982 2080//2004 2081//2005 2057//1983
f 2057//1983 2081//2005 2082//2006 2058//1984
f 2058//1984 2082//2006 2083//2007 2059//1985
f 2059//1985 2083//2007 2084//2008 2060//1986
f 2060//1986 2084//2008 2085//2009 2061//1987
f 2061//1987 2085//2009 2086//2010 2062//1988
f 2062//1988 2086//2010 2087//2011 2063//1989
f 2063//1989 2087//2011 2088//2012 2064//1990
f 2064//1990 2088//2012 2065//925 2041//901
f 2065//925 2089//949 2090//2013 2066//1991
f 2066//1991 2090//2013 2091//2014 2067//1992
f 2067//1992 2091//2014 2092//2015 2068//1993
f 2068//1993 2092//2015 2093//2016 2069//1994
f 2069//1994 2093//2016 2094//2017 2070//1995
f 2070//1995 2094//2017 2095//2018 2071//1996
f 2071//1996 2095//2018 2096//2019 2072//1997
f 2072//1997 2096//2019 2097//2020 2073//1998
f 2073//1998 2097//2020 2098//2021 2074//1999
f 2074//1999 2098//2021 2099//2022 2075//2000
f 2075//2000 2099//2022 2100//2023 2076//2001
f 2076//2001 2100//2023 2101//937 2077//913
f 2077//913 2101//937 2102//2024 2078//2002
f 2078//2002 2102//2024 2103//2025 2079//2003
f 2079//2003 2103//2025 2104//2026 2080//2004
f 2080//2004 2104//2026 2105//2027 2081//2005
f 2081//2005 2105//2027 2106//2028 2082//2006
f 2082//2006 2106//2028 2107//2029 2083//2007
f 2083//2007 2107//2029 2108//2030 2084//2008
f 2084//2008 2108//2030 2109//2031 2085//2009
f 2085//2009 2109//2031 2110//2032 2086//2010
f 2086//2010 2110//2032 2111//2033 2087//2011
f 2087//2011 2111//2033 2112//2034 2088//2012
f 2088//2012 2112//2034 2089//949 2065//925
f 2089//949 2113//973 2114//2035 2090//2013
f 2090//2013 2114//2035 2115//2036 2091//2014
f 2091//2014 2115//2036 2116//2037 2092//2015
f 2092//2015 2116//2037 2117//2038 2093//2016
f 2093//2016 2117//2038 2118//2039 2094//2017
f 2094//2017 2118//2039 2119//2040 2095//2018
f 2095//2018 2119//2040 2120//2041 2096//2019
f 2096//2019 2120//2041 2121//2042 2097//2020
f 2097//2020 2121//2042 2122//2043 2098//2021
f 2098//2021 2122//2043 2123//2044 2099//2022
f 2099//2022 2123//2044 2124//2045 2100//2023
f 2100//2023 2124//2045 2125//961 2101//937
f 2101//937 2125//961 2126//2046 2102//2024
f 2102//2024 2126//2046 2127//2047 2103//2025
f 2103//2025 2127//2047 2128//2048 2104//2026
f 2104//2026 2128//2048 2129//2049 2105//2027
f 2105//2027 2129//2049 2130//2050 2106//2028
f 2106//2028 2130//2050 2131//2051 2107//2029
f 2107//2029 2131//2051 2132//2052 2108//2030
f 2108//2030 2132//2052 2133//2053 2109//2031
f 2109//2031 2133//2053 2134//2054 2110//2032
f 2110//2032 2134//2054 2135//2055 2111//2033
f 2111//2033 2135//2055 2136//2056 2112//2034
f 2112//2034 2136//2056 2113//973 2089//949
f 2113//973 2137//997 2138//2057 2114//2035
f 2114//2035 2138//2057 2139//2058 2115//2036
f 2115//2036 2139//2058 2140//2059 2116//2037
f 2116//2037 2140//2059 2141//2060 2117//2038
f 2117//2038 2141//2060 2142//2061 2118//2039
f 2118//2039 2142//2061 2143//2062 2119//2040
f 2119//2040 2143//2062 2144//2063 2120//2041
f 2120//2041 2144//2063 2145//2064 2121//2042
f 2121//2042 2145//2064 2146//2065 2122//2043
f 2122//2043 2146//2065 2147//2066 2123//2044
f 2123//2044 2147//2066 2148//2067 2124//2045
f 2124//2045 2148//2067 2149//985 2125//961
f 2125//961 2149//985 2150//2068 2126//2046
f 2126//2046 2150//2068 2151//2069 2127//2047
f 2127//2047 2151//2069 2152//2070 2128//2048
f 2128//2048 2152//2070 2153//2071 2129//2049
f 2129//2049 2153//2071 2154//2072 2130//2050
f 2130//2050 2154//2072 2155//2073 2131//2051
f 2131//2051 2155//2073 2156//2074 2132//2052
f 2132//2052 2156//2074 2157//2075 2133//2053
f 2133//2053 2157//2075 2158//2076 2134//2054
f 2134//2054 2158//2076 2159//2077 2135//2055
f 2135//2055 2159//2077 2160//2078 2136//2056
f 2136//2056 2160//2078 2137//997 2113//973
f 2137//997 2161//1021 2162//2079 2138//2057
f 2138//2057 2162//2079 2163//2080 2139//2058
f 2139//2058 2163//2080 2164//2081 2140//2059
f 2140//2059 2164//2081 2165//2082 2141//2060
f 2141//2060 2165//2082 2166//2083 2142//2061
f 2142//2061 2166//2083 2167//2084 2143//2062
f 2143//2062 2167//2084 2168//2085 2144//2063
f 2144//2063 2168//2085 2169//2086 2145//2064
f 2145//2064 2169//2086 2170//2087 2146//2065
f 2146//2065 2170//2087 2171//2088 2147//2066
f 2147//2066 2171//2088 2172//2089 2148//2067
f 2148//2067 2172//2089 2173//1009 2149//985
f 2149//985 2173//1009 2174//2090 2150//2068
f 2150//2068 2174//2090 2175//2091 2151//2069
f 2151//2069 2175//2091 2176//2092 2152//2070
f 2152//2070 2176//2092 2177//2093 2153//2071
f 2153//2071 2177//2093 2178//2094 2154//2072
f 2154//2072 2178//2094 2179//2095 2155//2073
f 2155//2073 2179//2095 2180//2096 2156//2074
f 2156//2074 2180//2096 2181//2097 2157//2075
f 2157//2075 2181//2097 2182//2098 2158//2076
f 2158//2076 2182//2098 2183//2099 2159//2077
f 2159//2077 2183//2099 2184//2100 2160//2078
f 2160//2078 2184//2100 2161//1021 2137//997
f 2161//1021 2185//1045 2186//2101 2162//2079
f 2162//2079 2186//2101 2187//2102 2163//2080
f 2163//2080 2187//2102 2188//2103 2164//2081
f 2164//2081 2188//2103 2189//2104 2165//2082
f 2165//2082 2189//2104 2190//2105 2166//2083
f 2166//2083 2190//2105 2191//2106 2167//2084
f 2167//2084 2191//2106 2192//2107 2168//2085
f 2168//2085 2192//2107 2193//2108 2169//2086
f 2169//2086 2193//2108 2194//2109 2170//2087
f 2170//2087 2194//2109 2195//2110 2171//2088
f 2171//2088 2195//2110 2196//2111 2172//2089
f 2172//2089 2196//2111 2197//1033 2173//1009
f 2173//1009 2197//1033 2198//2112 2174//2090
f 2174//2090 2198//2112 2199//2113 2175//2091
f 2175//2091 2199//2113 2200//2114 2176//2092
f 2176//2092 2200//2114 2201//2115 2177//2093
f 2177//2093 2201//2115 2202//2116 2178//2094
f 2178//2094 2202//2116 2203//2117 2179//2095
f 2179//2095 2203//2117 2204//2118 2180//2096
f 2180//2096 2204//2118 2205//2119 2181//2097
f 2181//2097 2205//2119 2206//2120 2182//2098
f 2182//2098 2206//2120 2207//2121 2183//2099
f 2183//2099 2207//2121 2208//2122 2184//2100
f 2184//2100 2208//2122 2185//1045 2161//1021
f 2185//1045 2209//1069 2210//2123 2186//2101
f 2186//2101 2210//2123 2211//2124 2187//2102
f 2187//2102 2211//2124 2212//2125 2188//2103
f 2188//2103 2212//2125 2213//2126 2189//2104
f 2189//2104 2213//2126 2214//2127 2190//2105
f 2190//2105 2214//2127 2215//2128 2191//2106
f 2191//2106 2215//2128 2216//2129 2192//2107
f 2192//2107 2216//2129 2217//2130 2193//2108
f 2193//2108 2217//2130 2218//2131 2194//2109
f 2194//2109 2218//2131 2219//2132 2195//2110
f 2195//2110 2219//2132 2220//2133 2196//2111
f 2196//2111 2220//2133 2221//1057 2197//1033
f 2197//1033 2221//1057 2222//2134 2198//2112
f 2198//2112 2222//2134 2223//2135 2199//2113
f 2199//2113 2223//2135 2224//2136 2200//2114
f 2200//2114 2224//2136 2225//2137 2201//2115
f 2201//2115 2225//2137 2226//2138 2202//2116
f 2202//2116 2226//2138 2227//2139 2203//2117
f 2203//2117 2227//2139 2228//2140 2204//2118
f 2204//2118 2228//2140 2229//2141 2205//2119
f 2205//2119 2229//2141 2230//2142 2206//2120
f 2206//2120 2230//2142 2231//2143 2207//2121
f 2207//2121 2231//2143 2232//2144 2208//2122
f 2208//2122 2232//2144 2209//1069 2185//1045
f 2209//1069 2233//1093 2234//2145 2210//2123
f 2210//2123 2234//2145 2235//2146 2211//2124
f 2211//2124 2235//2146 2236//2147 2212//2125
f 2212//2125 2236//2147 2237//2148 2213//2126
f 2213//2126 2237//2148 2238//2149 2214//2127
f 2214//2127 2238//2149 2239//2150 2215//2128
f 2215//2128 2239//2150 2240//2151 2216//2129
f 2216//2129 2240//2151 2241//2152 2217//2130
f 2217//2130 2241//2152 2242//2153 2218//2131
f 2218//2131 2242//2153 2243//2154 2219//2132
f 2219//2132 2243//2154 2244//2155 2220//2133
f 2220//2133 2244//2155 2245//1081 2221//1057
f 2221//1057 2245//1081 2246//2156 2222//2134
f 2222//2134 2246//2156 2247//2157 2223//2135
f 2223//2135 2247//2157 2248//2158 2224//2136
f 2224//2136 2248//2158 2249//2159 2225//2137
f 2225//2137 2249//2159 2250//2160 2226//2138
f 2226//2138 2250//2160 2251//2161 2227//2139
f 2227//2139 2251//2161 2252//2162 2228//2140
f 2228//2140 2252//2162 2253//2163 2229//2141
f 2229//2141 2253//2163 2254//2164 2230//2142
f 2230//2142 2254//2164 2255//2165 2231//2143
f 2231//2143 2255//2165 2256//2166 2232//2144
f 2232//2144 2256//2166 2233//1093 2209//1069
f 2233//1093 2257//1117 2258//2167 2234//2145
f 2234//2145 2258//2167 2259//2168 2235//2146
f 2235//2146 2259//2168 2260//2169 2236//2147
f 2236//2147 2260//2169 2261//2170 2237//2148
f 2237//2148 2261//2170 2262//2171 2238//2149
f 2238//2149 2262//2171 2263//2172 2239//2150
f 2239//2150 2263//2172 2264//2173 2240//2151
f 2240//2151 2264//2173 2265//2174 2241//2152
f 2241//2152 2265//2174 2266//2175 2242//2153
f 2242//2153 2266//2175 2267//2176 2243//2154
f 2243//2154 2267//2176 2268//2177 2244//2155
f 2244//2155 2268//2177 2269//1105 2245//1081
f 2245//1081 2269//1105 2270//2178 2246//2156
f 2246//2156 2270//2178 2271//2179 2247//2157
f 2247//2157 2271//2179 2272//2180 2248//2158
f 2248//2158 2272//2180 2273//2181 2249//2159
f 2249//2159 2273//2181 2274//2182 2250//2160
f 2250//2160 2274//2182 2275//2183 2251//2161
f 2251//2161 2275//2183 2276//2184 2252//2162
f 2252//2162 2276//2184 2277//2185 2253//2163
f 2253//2163 2277//2185 2278//2186 2254//2164
f 2254//2164 2278//2186 2279//2187 2255//2165
f 2255//2165 2279//2187 2280//2188 2256//2166
f 2256//2166 2280//2188 2257//1117 2233//1093
f 2257//1117 2281//1141 2282//2189 2258//2167
f 2258//2167 2282//2189 2283//2190 2259//2168
f 2259//2168 2283//2190 2284//2191 2260//2169
f 2260//2169 2284//2191 2285//2192 2261//2170
f 2261//2170 2285//2192 2286//2193 2262//2171
f 2262//2171 2286//2193 2287//2194 2263//2172
f 2263//2172 2287//2194 2288//2195 2264//2173
f 2264//2173 2288//2195 2289//2196 2265//2174
f 2265//2174 2289//2196 2290//2197 2266//2175
f 2266//2175 2290//2197 2291//2198 2267//2176
f 2267//2176 2291//2198 2292//2199 2268//2177
f 2268//2177 2292//2199 2293//1129 2269//1105
f 2269//1105 2293//1129 2294//2200 2270//2178
f 2270//2178 2294//2200 2295//2201 2271//2179
f 2271//2179 2295//2201 2296//2202 2272//2180
f 2272//2180 2296//2202 2297//2203 2273//2181
f 2273//2181 2297//2203 2298//2204 2274//2182
f 2274//2182 2298//2204 2299//2205 2275//2183
f 2275//2183 2299//2205 2300//2206 2276//2184
f 2276//2184 2300//2206 2301//2207 2277//2185
f 2277//2185 2301//2207 2302//2208 2278//2186
f 2278//2186 2302//2208 2303//2209 2279//2187
f 2279//2187 2303//2209 2304//2210 2280//2188
f 2280//2188 2304//2210 2281//1141 2257//1117
f 2281//1141 1//1 2//2 2282//2189
f 2282//2189 2//2 3//3 2283//2190
f 2283//2190 3//3 4//4 2284//2191
f 2284//2191 4//4 5//5 2285//2192
f 2285//2192 5//5 6//6 2286//2193
f 2286//2193 6//6 7//7 2287//2194
f 2287//2194 7//7 8//8 2288//2195
f 2288//2195 8//8 9//9 2289//2196
f 2289//2196 9//9 10//10 2290//2197
f 2290//2197 10//10 11//11 2291//2198
f 2291//2198 11//11 12//12 2292//2199
f 2292//2199 12//12 13//13 2293//1129
f 2293//1129 13//13 14//14 2294//2200
f 2294//2200 14//14 15//15 2295//2201
f 2295//2201 15//15 16//16 2296//2202
f 2296//2202 16//16 17//17 2297//2203
f 2297//2203 17//17 18//18 2298//2204
f 2298//2204 18//18 19//19 2299//2205
f 2299//2205 19//19 20//20 2300//2206
f 2300//2206 20//20 21//21 2301//2207
f 2301//2207 21//21 22//22 2302//2208
f 2302//2208 22//22 23//23 2303//2209
f 2303//2209 23//23 24//24 2304//2210
f 2304//2210 24//24 1//1 2281//1141
